{
	"credit": "Made with Blockbench",
	"parent": "block/block",
	"textures": {
		"1": "cul:block/pot_contents"
	},
	"elements": [
		{
			"name": "Mushroom Stem",
			"from": [9, 1.5, 9],
			"to": [11, 4.5, 11],
			"rotation": {"angle": 0, "axis": "x", "origin": [5.5, 3.75, 5]},
			"faces": {
				"north": {"uv": [2.5, 9.5, 3.5, 11], "texture": "#1"},
				"east": {"uv": [2.5, 9.5, 3.5, 11], "texture": "#1"},
				"south": {"uv": [2.5, 9.5, 3.5, 11], "texture": "#1"},
				"west": {"uv": [2.5, 9.5, 3.5, 11], "texture": "#1"},
				"up": {"uv": [2.5, 9.5, 3.5, 10.5], "texture": "#1"},
				"down": {"uv": [2.5, 9.5, 3.5, 10.5], "texture": "#1"}
			}
		},
		{
			"name": "Mushroom Cap",
			"from": [8, 4.5, 8],
			"to": [12, 6.5, 12],
			"rotation": {"angle": 0, "axis": "x", "origin": [5.5, 3.75, 5]},
			"faces": {
				"north": {"uv": [0, 9.5, 2, 10.5], "texture": "#1"},
				"east": {"uv": [0, 9.5, 2, 10.5], "texture": "#1"},
				"south": {"uv": [0, 9.5, 2, 10.5], "texture": "#1"},
				"west": {"uv": [0, 9.5, 2, 10.5], "texture": "#1"},
				"up": {"uv": [0, 11, 2, 13], "texture": "#1"},
				"down": {"uv": [0, 11, 2, 13], "texture": "#1"}
			}
		},
		{
			"name": "Beef",
			"from": [5, 1.5, 5.5],
			"to": [10, 9.5, 8.5],
			"rotation": {"angle": -22.5, "axis": "x", "origin": [7.5, 3.75, 6.5]},
			"faces": {
				"north": {"uv": [0, 13.5, 4, 16], "rotation": 270, "texture": "#1"},
				"east": {"uv": [0, 14, 4, 15.5], "rotation": 90, "texture": "#1"},
				"south": {"uv": [0, 13.5, 4, 16], "rotation": 270, "texture": "#1"},
				"west": {"uv": [0, 14, 4, 15.5], "rotation": 90, "texture": "#1"},
				"up": {"uv": [1, 14, 3.5, 15.5], "rotation": 180, "texture": "#1"},
				"down": {"uv": [1, 14, 3.5, 15.5], "rotation": 180, "texture": "#1"}
			}
		}
	],
	"display": {
		"thirdperson_righthand": {
			"rotation": [75, 45, 0],
			"translation": [0, 2.5, 0],
			"scale": [0.375, 0.375, 0.375]
		},
		"thirdperson_lefthand": {
			"rotation": [75, 45, 0],
			"translation": [0, 2.5, 0],
			"scale": [0.375, 0.375, 0.375]
		},
		"firstperson_righthand": {
			"rotation": [0, 45, 0],
			"scale": [0.4, 0.4, 0.4]
		},
		"firstperson_lefthand": {
			"rotation": [0, 225, 0],
			"scale": [0.4, 0.4, 0.4]
		},
		"ground": {
			"translation": [0, 3, 0],
			"scale": [0.25, 0.25, 0.25]
		},
		"gui": {
			"rotation": [30, 225, 0],
			"scale": [0.625, 0.625, 0.625]
		},
		"head": {
			"rotation": [0, 180, 0],
			"translation": [0, -4, -0.5],
			"scale": [1.6, 1.6, 1.6]
		},
		"fixed": {
			"scale": [0.5, 0.5, 0.5]
		}
	}
}