{
  "display": {
    "icon": {
      "item": "minecraft:smoker",
      "nbt": "{CustomModelData:8520007}"
    },
    "title": {
      "translate": "cul.advancemenet.adventure.clam"
    },
    "description": {
      "translate": "cul.advancemenet.adventure.clam.desc"
    },
    "frame": "task"
  },
  "parent": "minecraft:adventure/root",
  "criteria": {
    "trigger": {
      "trigger": "minecraft:player_interacted_with_entity",
      "conditions": {
        "entity": {
          "nbt": "{Tags:[\"cul.block.clam\",\"cul.block.natural_gen\"]}"
        }
      }
    }
  }
}
