{
  "pools": [
    {
      "rolls": 1,
      "entries": [
        {
          "type": "minecraft:loot_table",
          "weight": 80,
          "name": "minecraft:gameplay/fishing/fish"
        },
        {
          "type": "minecraft:loot_table",
          "weight": 20,
          "quality": 1,
          "name": "cul:item/fish/catfish",
          "conditions": [
            {
              "condition": "minecraft:reference",
              "name": "cul:world/biome/river"
            }
          ]
        },
        {
          "type": "minecraft:loot_table",
          "weight": 60,
          "name": "cul:item/fish/catfish",
          "conditions": [
            {
              "condition": "minecraft:time_check",
              "value": {
                "min": 1,
                "max": 12000
              },
              "period": 24000
            },
            {
              "condition": "minecraft:reference",
              "name": "cul:world/biome/river"
            }
          ]
        },
        {
          "type": "minecraft:loot_table",
          "weight": 45,
          "quality": 1,
          "name": "cul:item/fish/lobster",
          "conditions": [
            {
              "condition": "minecraft:reference",
              "name": "cul:world/biome/tropical"
            }
          ]
        },
        {
          "type": "minecraft:loot_table",
          "weight": 100,
          "quality": 3,
          "name": "cul:item/fish/blue_lobster",
          "conditions": [
            {
              "condition": "minecraft:time_check",
              "value": {
                "min": 23000,
                "max": 24000
              },
              "period": 24000
            },
            {
              "condition": "minecraft:reference",
              "name": "cul:world/biome/tropical"
            }
          ]
        },
        {
          "type": "minecraft:item",
          "weight": 50,
          "name": "minecraft:tropical_fish",
          "conditions": [
            {
              "condition": "minecraft:reference",
              "name": "cul:world/biome/tropical"
            }
          ]
        },
        {
          "type": "minecraft:item",
          "weight": 60,
          "name": "minecraft:salmon",
          "conditions": [
            {
              "condition": "minecraft:reference",
              "name": "cul:world/biome/river"
            }
          ]
        }
      ]
    }
  ]
}
