{
  "criteria": {
    "click": {
      "trigger": "minecraft:player_interacted_with_entity",
      "conditions": {
        "item": {
          "tag": "cul:gnome_acceptable",
          "count": {
            "min": 1,
            "max": 64
          }
        },
        "entity": {
          "type": "minecraft:wandering_trader",
          "nbt": "{Tags:[\"cul.entity.gnome.unfed\"]}"
        }
      }
    }
  },
  "rewards": {
    "function": "cul:entity/gnome/interact/start"
  }
}
