{
  "parent": "minecraft:item/generated",
  "textures": {
    "layer0": "minecraft:item/cookie"
              },
  "overrides": [
	{ "predicate": { "custom_model_data": 8520000 }, "model": "cul:item/cheese_age_0" },
	{ "predicate": { "custom_model_data": 8520001 }, "model": "minecraft:item/beetroot_soup" },
	{ "predicate": { "custom_model_data": 8520002 }, "model": "minecraft:item/mushroom_stew" },
	{ "predicate": { "custom_model_data": 8520003 }, "model": "cul:item/potato_soup" }
  ]
}