{
  "parent": "minecraft:item/generated",
  "textures": {
    "layer0": "minecraft:item/leather_horse_armor"
              },
  "overrides": [
	{ "predicate": { "custom_model_data": 8520000 }, "model": "cul:block/pot_empty" },
	{ "predicate": { "custom_model_data": 8520001 }, "model": "cul:block/pot" },
	{ "predicate": { "custom_model_data": 8520002 }, "model": "cul:block/pot_hanging_empty" },
	{ "predicate": { "custom_model_data": 8520003 }, "model": "cul:block/pot_hanging" },
	{ "predicate": { "custom_model_data": 8520004 }, "model": "cul:block/pot_items/beetroot_soup" },
	{ "predicate": { "custom_model_data": 8520005 }, "model": "cul:block/pot_items/potato_soup" },
	{ "predicate": { "custom_model_data": 8520006 }, "model": "cul:block/pot_items/vegetable_soup_beetroot" },
	{ "predicate": { "custom_model_data": 8520007 }, "model": "cul:block/pot_items/vegetable_soup_potato" },
	{ "predicate": { "custom_model_data": 8520008 }, "model": "cul:block/pot_items/noodle_soup" },
	{ "predicate": { "custom_model_data": 8520009 }, "model": "cul:block/pot_items/mushroom_stew" },
	{ "predicate": { "custom_model_data": 8520010 }, "model": "cul:block/pot_items/beef_stew" }
  ]
}