{
  "display": {
    "icon": {
      "item": "minecraft:rabbit_foot"
    },
    "title": {
      "translate": "cul.advancemenet.husbandry.luck"
    },
    "description": {
      "translate": "cul.advancemenet.husbandry.luck.desc"
    },
    "frame": "task"
  },
  "parent": "minecraft:husbandry/fishy_business",
  "criteria": {
    "luck_effect": {
      "trigger": "minecraft:effects_changed",
      "conditions": {
        "effects": {
          "minecraft:luck": {}
        }
      }
    }
  }
}
