{
  "display": {
    "icon": {
      "item": "minecraft:structure_block",
      "nbt": "{CustomModelData:8520006}"
    },
    "title": {
      "translate": "cul.advancemenet.husbandry.salt_pillars"
    },
    "description": {
      "translate": "cul.advancemenet.husbandry.salt_pillars.desc"
    },
    "frame": "goal"
  },
  "parent": "minecraft:husbandry/fishy_business",
  "criteria": {
    "balanced": {
      "trigger": "minecraft:inventory_changed",
      "conditions": {
        "items": [
          {
            "nbt": "{cul:{id:\"salt_pillar\",variant:\"balanced\"}}"
          }
        ]
      }
    },
    "mound": {
      "trigger": "minecraft:inventory_changed",
      "conditions": {
        "items": [
          {
            "nbt": "{cul:{id:\"salt_pillar\",variant:\"mound\"}}"
          }
        ]
      }
    },
    "club": {
      "trigger": "minecraft:inventory_changed",
      "conditions": {
        "items": [
          {
            "nbt": "{cul:{id:\"salt_pillar\",variant:\"club\"}}"
          }
        ]
      }
    }
  }
}
