{
  "type": "minecraft:generic",
  "pools": [
    {
      "rolls": 1,
      "entries": [
        {
          "type": "minecraft:item",
          "name": "minecraft:potion",
          "functions": [
            {
              "function": "minecraft:set_count",
              "count": 1
            },
            {
              "function": "minecraft:set_nbt",
              "tag": "{HideFlags:32,Potion:\"minecraft:thick\",CustomPotionColor:16777215,cul:{id:\"wine\",age:0,daysAged:0,extraSaturation:5},CustomModelData:8520001}"
            },
            {
              "function": "minecraft:set_name",
              "name": [
                {
                  "translate": "cul.item.wine",
                  "color": "white",
                  "italic": "false"
                }
              ]
            },
            {
              "function": "minecraft:set_lore",
              "lore": [
                {
                  "translate": "cul.item.age_0",
                  "color": "gray",
                  "italic": "false"
                }
              ]
            },
            {
              "function": "minecraft:set_lore",
              "lore": [
                {
                  "translate": "cul.pack",
                  "color": "gold",
                  "italic": "false"
                }
              ]
            }
          ]
        }
      ]
    }
  ]
}