{
  "parent": "minecraft:block/barrel",
  "overrides": [
	{ "predicate": { "custom_model_data": 8520000 }, "model": "cul:block/culinary_table" },
	{ "predicate": { "custom_model_data": 8520001 }, "model": "cul:block/oak_culinary_table" },
	{ "predicate": { "custom_model_data": 8520002 }, "model": "cul:block/birch_culinary_table" },
	{ "predicate": { "custom_model_data": 8520003 }, "model": "cul:block/spruce_culinary_table" },
	{ "predicate": { "custom_model_data": 8520004 }, "model": "cul:block/jungle_culinary_table" },
	{ "predicate": { "custom_model_data": 8520005 }, "model": "cul:block/acacia_culinary_table" },
	{ "predicate": { "custom_model_data": 8520006 }, "model": "cul:block/dark_oak_culinary_table" },
	{ "predicate": { "custom_model_data": 8520007 }, "model": "cul:block/mangrove_culinary_table" },
	{ "predicate": { "custom_model_data": 8520008 }, "model": "cul:block/crimson_culinary_table" },
	{ "predicate": { "custom_model_data": 8520009 }, "model": "cul:block/warped_culinary_table" },
	{ "predicate": { "custom_model_data": 8520010 }, "model": "cul:block/cask_up" },
	{ "predicate": { "custom_model_data": 8520011 }, "model": "cul:block/cask_down" },
	{ "predicate": { "custom_model_data": 8520012 }, "model": "cul:block/cask" },
	{ "predicate": { "custom_model_data": 8520013 }, "model": "cul:block/fungal_composter/fungal_composter_empty" },
	{ "predicate": { "custom_model_data": 8520014 }, "model": "cul:block/fungal_composter/fungal_composter_0" },
	{ "predicate": { "custom_model_data": 8520015 }, "model": "cul:block/fungal_composter/fungal_composter_1" },
	{ "predicate": { "custom_model_data": 8520016 }, "model": "cul:block/fungal_composter/fungal_composter_2" },
	{ "predicate": { "custom_model_data": 8520017 }, "model": "cul:block/fungal_composter/fungal_composter_3" }
  ]
}