{
  "parent": "minecraft:item/generated",
  "textures": {
    "layer0": "minecraft:item/leather_horse_armor"
              },
  "overrides": [
	{ "predicate": { "custom_model_data": 8520000 }, "model": "cul:block/pot_empty" },
	{ "predicate": { "custom_model_data": 8520001 }, "model": "cul:block/pot" },
	{ "predicate": { "custom_model_data": 8520002 }, "model": "cul:block/pot_hanging_empty" },
	{ "predicate": { "custom_model_data": 8520003 }, "model": "cul:block/pot_hanging" },
	{ "predicate": { "custom_model_data": 8520004 }, "model": "cul:block/pot_items/beetroot_soup" },
	{ "predicate": { "custom_model_data": 8520005 }, "model": "cul:block/pot_items/potato_soup" },
	{ "predicate": { "custom_model_data": 8520006 }, "model": "cul:block/pot_items/vegetable_soup_beetroot" },
	{ "predicate": { "custom_model_data": 8520007 }, "model": "cul:block/pot_items/vegetable_soup_potato" },
	{ "predicate": { "custom_model_data": 8520008 }, "model": "cul:block/pot_items/noodle_soup" },
	{ "predicate": { "custom_model_data": 8520009 }, "model": "cul:block/pot_items/mushroom_stew" },
	{ "predicate": { "custom_model_data": 8520010 }, "model": "cul:block/pot_items/beef_stew" },
	{ "predicate": { "custom_model_data": 8520011 }, "model": "cul:block/pot_items/kelp_mush" },
	{ "predicate": { "custom_model_data": 8520012 }, "model": "cul:block/pot_items/fish_stew" },
	{ "predicate": { "custom_model_data": 8520013 }, "model": "cul:block/pot_items/lobster_stew" },
	{ "predicate": { "custom_model_data": 8520014 }, "model": "cul:block/pot_items/rabbit_stew" },
	{ "predicate": { "custom_model_data": 8520015 }, "model": "cul:block/terracotta_pot_empty" },
	{ "predicate": { "custom_model_data": 8520016 }, "model": "cul:block/terracotta_pot" },
	{ "predicate": { "custom_model_data": 8520017 }, "model": "cul:block/gold_pot_empty" },
	{ "predicate": { "custom_model_data": 8520018 }, "model": "cul:block/gold_pot" },
	{ "predicate": { "custom_model_data": 8520019 }, "model": "cul:block/salt_pillar/balanced" },
	{ "predicate": { "custom_model_data": 8520020 }, "model": "cul:block/salt_pillar/balanced_budding" },
	{ "predicate": { "custom_model_data": 8520021 }, "model": "cul:block/salt_pillar/mound" },
	{ "predicate": { "custom_model_data": 8520022 }, "model": "cul:block/salt_pillar/mound_budding" },
	{ "predicate": { "custom_model_data": 8520023 }, "model": "cul:block/salt_pillar/club" },
	{ "predicate": { "custom_model_data": 8520024 }, "model": "cul:block/salt_pillar/club_budding" },
	{ "predicate": { "custom_model_data": 8520025 }, "model": "cul:block/pot_items/cheese_soup" },
	{ "predicate": { "custom_model_data": 8520026 }, "model": "cul:block/clam/east_closed" },
	{ "predicate": { "custom_model_data": 8520027 }, "model": "cul:block/clam/east_open" },
	{ "predicate": { "custom_model_data": 8520029 }, "model": "cul:block/clam/west_closed" },
	{ "predicate": { "custom_model_data": 8520030 }, "model": "cul:block/clam/west_open" },
	{ "predicate": { "custom_model_data": 8520031 }, "model": "cul:block/pan" },
	{ "predicate": { "custom_model_data": 8520032 }, "model": "cul:block/pan_items/oil" },
	{ "predicate": { "custom_model_data": 8520033 }, "model": "cul:block/pan_items/egg_1" },
	{ "predicate": { "custom_model_data": 8520034 }, "model": "cul:block/pan_items/egg_2" },
	{ "predicate": { "custom_model_data": 8520035 }, "model": "cul:block/pan_items/egg_3" },
	{ "predicate": { "custom_model_data": 8520036 }, "model": "cul:block/pan_items/omlet" },
	{ "predicate": { "custom_model_data": 8520037 }, "model": "cul:block/pan_items/clam_chowder" },
	{ "predicate": { "custom_model_data": 8520038 }, "model": "cul:block/pan_items/salt_oil" },
	{ "predicate": { "custom_model_data": 8520039 }, "model": "cul:block/pan_items/potato_1" },
	{ "predicate": { "custom_model_data": 8520040 }, "model": "cul:block/pan_items/potato_2" },
	{ "predicate": { "custom_model_data": 8520041 }, "model": "cul:block/pan_items/potato_fries_1" },
	{ "predicate": { "custom_model_data": 8520042 }, "model": "cul:block/pan_items/potato_fries_2" },
	{ "predicate": { "custom_model_data": 8520043 }, "model": "cul:block/chipped_terracotta_pot_empty" },
	{ "predicate": { "custom_model_data": 8520044 }, "model": "cul:block/chipped_terracotta_pot" },
	{ "predicate": { "custom_model_data": 8520045 }, "model": "cul:block/cracked_terracotta_pot_empty" },
	{ "predicate": { "custom_model_data": 8520046 }, "model": "cul:block/cracked_terracotta_pot" },
	{ "predicate": { "custom_model_data": 8520047 }, "model": "cul:block/hotplate" },
	{ "predicate": { "custom_model_data": 8520048 }, "model": "cul:block/pan_items/venison" },
	{ "predicate": { "custom_model_data": 8520049 }, "model": "cul:block/pan_items/cooked_venison" },
	{ "predicate": { "custom_model_data": 8520050 }, "model": "cul:block/quartz_pan" },
	{ "predicate": { "custom_model_data": 8520051 }, "model": "cul:block/pan_items/rice_1" },
	{ "predicate": { "custom_model_data": 8520052 }, "model": "cul:block/pan_items/rice_2" },
	{ "predicate": { "custom_model_data": 8520053 }, "model": "cul:block/pan_items/rice_3" },
	{ "predicate": { "custom_model_data": 8520054 }, "model": "cul:block/pan_items/fried_rice" },
	{ "predicate": { "custom_model_data": 8520055 }, "model": "cul:block/pan_items/vegetable_fried_rice" }
  ]
}