{
  "parent": "minecraft:item/generated",
  "textures": {
        "layer0": "item/potion_overlay",
        "layer1": "item/potion"
              },
  "overrides": [
	{ "predicate": { "custom_model_data": 8520000 }, "model": "cul:item/fruit_juice" },
	{ "predicate": { "custom_model_data": 8520001 }, "model": "cul:item/wine" },
	{ "predicate": { "custom_model_data": 8520002 }, "model": "cul:item/ale" },
	{ "predicate": { "custom_model_data": 8520003 }, "model": "cul:entity/deer/doe_idle" },
	{ "predicate": { "custom_model_data": 8520004 }, "model": "cul:entity/deer/doe_walk" },
	{ "predicate": { "custom_model_data": 8520005 }, "model": "cul:entity/deer/doe_flee" },
	{ "predicate": { "custom_model_data": 8520006 }, "model": "cul:entity/deer/doe_idle_hurt" },
	{ "predicate": { "custom_model_data": 8520007 }, "model": "cul:entity/deer/doe_walk_hurt" },
	{ "predicate": { "custom_model_data": 8520008 }, "model": "cul:entity/deer/doe_flee_hurt" },
	{ "predicate": { "custom_model_data": 8520009 }, "model": "cul:entity/gnome/idle" },
	{ "predicate": { "custom_model_data": 8520010 }, "model": "cul:entity/gnome/walk" },
	{ "predicate": { "custom_model_data": 8520011 }, "model": "cul:entity/gnome/idle_hurt" },
	{ "predicate": { "custom_model_data": 8520012 }, "model": "cul:entity/gnome/walk_hurt" }
  ]
}