{
  "condition": "minecraft:alternative",
  "terms": [
    {
      "condition": "minecraft:location_check",
      "predicate": {
        "biome": "minecraft:lukewarm_ocean"
      }
    },
    {
      "condition": "minecraft:location_check",
      "predicate": {
        "biome": "minecraft:deep_lukewarm_ocean"
      }
    },
    {
      "condition": "minecraft:location_check",
      "predicate": {
        "biome": "minecraft:warm_ocean"
      }
    },
    {
      "condition": "minecraft:location_check",
      "predicate": {
        "biome": "minecraft:mangrove_swamp"
      }
    },
    {
      "condition": "minecraft:location_check",
      "predicate": {
        "biome": "minecraft:lush_caves"
      }
    },
    {
      "condition": "minecraft:location_check",
      "predicate": {
        "biome": "terralith:desert_oasis"
      }
    },
    {
      "condition": "minecraft:location_check",
      "predicate": {
        "biome": "terralith:orchid_swamp"
      }
    },
    {
      "condition": "minecraft:location_check",
      "predicate": {
        "biome": "terralith:tropical_jungle"
      }
    },
    {
      "condition": "minecraft:location_check",
      "predicate": {
        "biome": "terralith:warm_river"
      }
    },
    {
      "condition": "minecraft:location_check",
      "predicate": {
        "biome": "terralith:yellowstone"
      }
    }
  ]
}
