{
  "parent": "minecraft:item/generated",
  "textures": {
    "layer0": "minecraft:item/bread"
              },
  "overrides": [
	{ "predicate": { "custom_model_data": 8520000 }, "model": "cul:item/cheese_age_1" },
	{ "predicate": { "custom_model_data": 8520001 }, "model": "cul:item/cheese_age_2" },
	{ "predicate": { "custom_model_data": 8520002 }, "model": "cul:item/vegetable_soup" },
	{ "predicate": { "custom_model_data": 8520003 }, "model": "cul:item/noodle_soup" },
	{ "predicate": { "custom_model_data": 8520004 }, "model": "cul:item/beef_stew" },
	{ "predicate": { "custom_model_data": 8520005 }, "model": "minecraft:item/rabbit_stew" },
	{ "predicate": { "custom_model_data": 8520006 }, "model": "cul:item/fish_stew" },
	{ "predicate": { "custom_model_data": 8520007 }, "model": "cul:item/lobster_stew" },
	{ "predicate": { "custom_model_data": 8520008 }, "model": "cul:item/apple_fritters" },
	{ "predicate": { "custom_model_data": 8520009 }, "model": "cul:item/vegetable_salad" },
	{ "predicate": { "custom_model_data": 8520010 }, "model": "cul:item/baked_cod" }
  ]
}