{
  "parent": "minecraft:item/generated",
  "textures": {
    "layer0": "minecraft:item/cookie"
              },
  "overrides": [
	{ "predicate": { "custom_model_data": 8520000 }, "model": "cul:item/cheese_age_0" },
	{ "predicate": { "custom_model_data": 8520001 }, "model": "minecraft:item/beetroot_soup" },
	{ "predicate": { "custom_model_data": 8520002 }, "model": "minecraft:item/mushroom_stew" },
	{ "predicate": { "custom_model_data": 8520003 }, "model": "cul:item/potato_soup" },
	{ "predicate": { "custom_model_data": 8520004 }, "model": "cul:item/kelp_mush" },
	{ "predicate": { "custom_model_data": 8520005 }, "model": "cul:item/lobster_roll" },
	{ "predicate": { "custom_model_data": 8520006 }, "model": "cul:item/white_bread" },
	{ "predicate": { "custom_model_data": 8520007 }, "model": "cul:item/skewer" }
  ]
}