{
	"credit": "Made with Blockbench",
	"texture_size": [64, 64],
	"textures": {
		"0": "cul:block/salt_bust",
		"particle": "cul:block/salt_bust"
	},
	"elements": [
		{
			"from": [4, 0, 4],
			"to": [12, 8, 12],
			"rotation": {"angle": 0, "axis": "y", "origin": [8, 12, 8]},
			"faces": {
				"north": {"uv": [2.5, 0.25, 4.5, 2.25], "texture": "#0"},
				"east": {"uv": [0.25, 0.25, 2.25, 2.25], "texture": "#0"},
				"south": {"uv": [0.25, 0.25, 2.25, 2.25], "texture": "#0"},
				"west": {"uv": [0.25, 0.25, 2.25, 2.25], "texture": "#0"},
				"up": {"uv": [0.25, 0.25, 2.25, 2.25], "texture": "#0"},
				"down": {"uv": [0.25, 0.25, 2.25, 2.25], "texture": "#0"}
			}
		},
		{
			"from": [12, 4, 6],
			"to": [14, 10, 8],
			"rotation": {"angle": 0, "axis": "y", "origin": [8, 12, 8]},
			"faces": {
				"north": {"uv": [0.25, 4.75, 0.75, 6.25], "texture": "#0"},
				"east": {"uv": [0.25, 4.75, 0.75, 6.25], "texture": "#0"},
				"south": {"uv": [0.25, 4.75, 0.75, 6.25], "texture": "#0"},
				"west": {"uv": [0.25, 4.75, 0.75, 6.25], "texture": "#0"},
				"up": {"uv": [0.25, 4.75, 0.75, 5.25], "texture": "#0"},
				"down": {"uv": [0.25, 5.75, 0.75, 6.25], "texture": "#0"}
			}
		},
		{
			"from": [2, 4, 6],
			"to": [4, 10, 8],
			"rotation": {"angle": 0, "axis": "y", "origin": [3, 7, 7]},
			"faces": {
				"north": {"uv": [0.75, 4.75, 0.25, 6.25], "texture": "#0"},
				"east": {"uv": [0.75, 4.75, 0.25, 6.25], "texture": "#0"},
				"south": {"uv": [0.75, 4.75, 0.25, 6.25], "texture": "#0"},
				"west": {"uv": [0.75, 4.75, 0.25, 6.25], "texture": "#0"},
				"up": {"uv": [0.25, 4.75, 0.75, 5.25], "texture": "#0"},
				"down": {"uv": [0.25, 5.75, 0.75, 6.25], "texture": "#0"}
			}
		}
	],
	"display": {
		"thirdperson_righthand": {
			"rotation": [75, 45, 0],
			"translation": [0, 2.5, 0],
			"scale": [0.375, 0.375, 0.375]
		},
		"thirdperson_lefthand": {
			"rotation": [75, 45, 0],
			"translation": [0, 2.5, 0],
			"scale": [0.375, 0.375, 0.375]
		},
		"firstperson_righthand": {
			"rotation": [0, 45, 0],
			"scale": [0.4, 0.4, 0.4]
		},
		"firstperson_lefthand": {
			"rotation": [0, 225, 0],
			"scale": [0.4, 0.4, 0.4]
		},
		"ground": {
			"rotation": [0, -180, 0],
			"translation": [0, 7.4, -6]
		},
		"gui": {
			"rotation": [30, 225, 0],
			"scale": [0.625, 0.625, 0.625]
		},
		"fixed": {
			"scale": [0.5, 0.5, 0.5]
		}
	}
}