{
	"credit": "Made with Blockbench",
	"parent": "block/block",
	"textures": {
		"1": "cul:block/pot_contents",
		"particle": "cul:block/pot"
	},
	"elements": [
		{
			"name": "Cod",
			"from": [7, 1.5, 5.5],
			"to": [10, 9.5, 6.5],
			"rotation": {"angle": -22.5, "axis": "x", "origin": [7.5, 3.75, 6.5]},
			"faces": {
				"north": {"uv": [2, 3.5, 6, 2], "rotation": 270, "texture": "#1"},
				"east": {"uv": [2, 3, 6, 3.5], "rotation": 270, "texture": "#1"},
				"south": {"uv": [2, 2, 6, 3.5], "rotation": 270, "texture": "#1"},
				"west": {"uv": [2, 2, 6, 2.5], "rotation": 270, "texture": "#1"},
				"up": {"uv": [2, 2, 2.5, 3.5], "rotation": 90, "texture": "#1"},
				"down": {"uv": [2, 2, 2.5, 3.5], "rotation": 90, "texture": "#1"}
			}
		},
		{
			"name": "Cod Tail",
			"from": [7, 9.5, 6],
			"to": [10, 12.5, 6],
			"rotation": {"angle": -22.5, "axis": "x", "origin": [7.5, 3.75, 6.5]},
			"faces": {
				"north": {"uv": [6.5, 2, 8, 3.5], "rotation": 270, "texture": "#1"},
				"east": {"uv": [0, 0, 0, 0], "texture": "#1"},
				"south": {"uv": [6.5, 2, 8, 3.5], "rotation": 270, "texture": "#1"},
				"west": {"uv": [0, 0, 0, 0], "texture": "#1"},
				"up": {"uv": [0, 0, 0, 0], "texture": "#1"},
				"down": {"uv": [0, 0, 0, 0], "texture": "#1"}
			}
		},
		{
			"name": "Kelp inverted",
			"from": [9, 3.05, 11.45],
			"to": [5, 2.05, 5.45],
			"rotation": {"angle": 22.5, "axis": "y", "origin": [8, 5.55, 10.45]},
			"faces": {
				"east": {"uv": [4.5, 8.5, 4, 11.5], "rotation": 270, "texture": "#1"},
				"west": {"uv": [4.5, 8.5, 4, 11.5], "rotation": 270, "texture": "#1"},
				"up": {"uv": [6, 8.5, 4, 11.5], "rotation": 180, "texture": "#1"},
				"down": {"uv": [6, 8.5, 4, 11.5], "texture": "#1"}
			}
		},
		{
			"name": "Kelp",
			"from": [5, 2.05, 5.45],
			"to": [9, 3.05, 11.45],
			"rotation": {"angle": 22.5, "axis": "y", "origin": [8, 5.55, 10.45]},
			"faces": {
				"east": {"uv": [4, 8.5, 4.5, 11.5], "rotation": 90, "texture": "#1"},
				"west": {"uv": [4, 8.5, 4.5, 11.5], "rotation": 270, "texture": "#1"},
				"up": {"uv": [4, 8.5, 6, 11.5], "texture": "#1"},
				"down": {"uv": [4, 8.5, 6, 11.5], "rotation": 180, "texture": "#1"}
			}
		},
		{
			"name": "Kelp inverted",
			"from": [11.5, 8.55, 11.55],
			"to": [10.5, 2.55, 7.55],
			"rotation": {"angle": -22.5, "axis": "y", "origin": [11, 5.55, 9.55]},
			"faces": {
				"north": {"uv": [4.5, 8.5, 4, 11.5], "texture": "#1"},
				"east": {"uv": [6, 8.5, 4, 11.5], "texture": "#1"},
				"south": {"uv": [4.5, 8.5, 4, 11.5], "rotation": 180, "texture": "#1"},
				"west": {"uv": [6, 8.5, 4, 11.5], "texture": "#1"}
			}
		},
		{
			"name": "Kelp",
			"from": [10.5, 2.55, 7.55],
			"to": [11.5, 8.55, 11.55],
			"rotation": {"angle": -22.5, "axis": "y", "origin": [11, 5.55, 9.55]},
			"faces": {
				"north": {"uv": [4, 8.5, 4.5, 11.5], "rotation": 180, "texture": "#1"},
				"east": {"uv": [4, 8.5, 6, 11.5], "rotation": 180, "texture": "#1"},
				"south": {"uv": [4, 8.5, 4.5, 11.5], "rotation": 180, "texture": "#1"},
				"west": {"uv": [4, 8.5, 6, 11.5], "rotation": 180, "texture": "#1"}
			}
		}
	],
	"display": {
		"thirdperson_righthand": {
			"rotation": [75, 45, 0],
			"translation": [0, 2.5, 0],
			"scale": [0.375, 0.375, 0.375]
		},
		"thirdperson_lefthand": {
			"rotation": [75, 45, 0],
			"translation": [0, 2.5, 0],
			"scale": [0.375, 0.375, 0.375]
		},
		"firstperson_righthand": {
			"rotation": [0, 45, 0],
			"scale": [0.4, 0.4, 0.4]
		},
		"firstperson_lefthand": {
			"rotation": [0, 225, 0],
			"scale": [0.4, 0.4, 0.4]
		},
		"ground": {
			"rotation": [0, -180, 0],
			"translation": [0, 7.4, -6]
		},
		"gui": {
			"rotation": [30, 225, 0],
			"scale": [0.625, 0.625, 0.625]
		},
		"head": {
			"rotation": [0, 180, 0],
			"translation": [0, -4, -0.5],
			"scale": [1.6, 1.6, 1.6]
		},
		"fixed": {
			"scale": [0.5, 0.5, 0.5]
		}
	}
}