{
	"credit": "Made with Blockbench",
	"parent": "block/block",
	"textures": {
		"1": "cul:block/pot_contents"
	},
	"elements": [
		{
			"name": "Noodles",
			"from": [4, 6.5, 4.25],
			"to": [12, 6.5, 12.25],
			"rotation": {"angle": 0, "axis": "x", "origin": [7.5, 3.75, 6.5]},
			"faces": {
				"north": {"uv": [0, 0, 1.5, 4], "texture": "#1"},
				"east": {"uv": [0, 0, 1.5, 4], "texture": "#1"},
				"south": {"uv": [0, 0, 1.5, 4], "texture": "#1"},
				"west": {"uv": [0, 0, 1.5, 4], "texture": "#1"},
				"up": {"uv": [4.5, 4, 8.5, 8], "texture": "#1"},
				"down": {"uv": [0, 0, 1.5, 1.5], "texture": "#1"}
			}
		},
		{
			"name": "Carrot",
			"from": [5, 1.5, 5.5],
			"to": [8, 9.5, 8.5],
			"rotation": {"angle": -22.5, "axis": "x", "origin": [7.5, 3.75, 6.5]},
			"faces": {
				"north": {"uv": [0, 0, 1.5, 4], "texture": "#1"},
				"east": {"uv": [0, 0, 1.5, 4], "texture": "#1"},
				"south": {"uv": [0, 0, 1.5, 4], "texture": "#1"},
				"west": {"uv": [0, 0, 1.5, 4], "texture": "#1"},
				"up": {"uv": [0, 0, 1.5, 1.5], "texture": "#1"},
				"down": {"uv": [0, 0, 1.5, 1.5], "texture": "#1"}
			}
		},
		{
			"name": "Carrot Stem",
			"from": [6.5, 9.5, 5.5],
			"to": [6.5, 12.5, 8.5],
			"rotation": {"angle": -22.5, "axis": "x", "origin": [7.5, 3.75, 6.5]},
			"faces": {
				"north": {"uv": [0, 0, 0, 0], "texture": "#1"},
				"east": {"uv": [2, 0, 3.5, 1.5], "texture": "#1"},
				"south": {"uv": [0, 0, 0, 0], "texture": "#1"},
				"west": {"uv": [2, 0, 3.5, 1.5], "texture": "#1"},
				"up": {"uv": [0, 0, 0, 0], "rotation": 270, "texture": "#1"},
				"down": {"uv": [0, 0, 0, 0], "rotation": 90, "texture": "#1"}
			}
		},
		{
			"name": "Carrot Stem",
			"from": [5, 9.5, 7],
			"to": [8, 12.5, 7],
			"rotation": {"angle": -22.5, "axis": "x", "origin": [7.5, 3.75, 6.5]},
			"faces": {
				"north": {"uv": [2, 0, 3.5, 1.5], "texture": "#1"},
				"east": {"uv": [0, 0, 0, 0], "texture": "#1"},
				"south": {"uv": [2, 0, 3.5, 1.5], "texture": "#1"},
				"west": {"uv": [0, 0, 0, 0], "texture": "#1"},
				"up": {"uv": [0, 0, 0, 0], "texture": "#1"},
				"down": {"uv": [0, 0, 0, 0], "texture": "#1"}
			}
		}
	],
	"display": {
		"thirdperson_righthand": {
			"rotation": [75, 45, 0],
			"translation": [0, 2.5, 0],
			"scale": [0.375, 0.375, 0.375]
		},
		"thirdperson_lefthand": {
			"rotation": [75, 45, 0],
			"translation": [0, 2.5, 0],
			"scale": [0.375, 0.375, 0.375]
		},
		"firstperson_righthand": {
			"rotation": [0, 45, 0],
			"scale": [0.4, 0.4, 0.4]
		},
		"firstperson_lefthand": {
			"rotation": [0, 225, 0],
			"scale": [0.4, 0.4, 0.4]
		},
		"ground": {
			"translation": [0, 3, 0],
			"scale": [0.25, 0.25, 0.25]
		},
		"gui": {
			"rotation": [30, 225, 0],
			"scale": [0.625, 0.625, 0.625]
		},
		"head": {
			"rotation": [0, 180, 0],
			"translation": [0, -4, -0.5],
			"scale": [1.6, 1.6, 1.6]
		},
		"fixed": {
			"scale": [0.5, 0.5, 0.5]
		}
	}
}