{
  "display": {
    "icon": {
      "item": "minecraft:barrel",
      "nbt": "{CustomModelData:8520001}"
    },
    "title": {
      "translate": "cul.advancemenet.husbandry.culinary_table"
    },
    "description": {
      "translate": "cul.advancemenet.husbandry.culinary_table.desc"
    },
    "frame": "task"
  },
  "parent": "minecraft:husbandry/plant_seed",
  "criteria": {
    "oak": {
      "trigger": "minecraft:placed_block",
      "conditions": {
        "item": {
          "nbt": "{cul:{id:\"oak_culinary_table\"}}"
        }
      }
    },
    "birch": {
      "trigger": "minecraft:placed_block",
      "conditions": {
        "item": {
          "nbt": "{cul:{id:\"oak_culinary_table\"}}"
        }
      }
    },
    "spruce": {
      "trigger": "minecraft:placed_block",
      "conditions": {
        "item": {
          "nbt": "{cul:{id:\"spruce_culinary_table\"}}"
        }
      }
    },
    "jungle": {
      "trigger": "minecraft:placed_block",
      "conditions": {
        "item": {
          "nbt": "{cul:{id:\"jungle_culinary_table\"}}"
        }
      }
    },
    "acacia": {
      "trigger": "minecraft:placed_block",
      "conditions": {
        "item": {
          "nbt": "{cul:{id:\"acacia_culinary_table\"}}"
        }
      }
    },
    "dark_oak": {
      "trigger": "minecraft:placed_block",
      "conditions": {
        "item": {
          "nbt": "{cul:{id:\"dark_oak_culinary_table\"}}"
        }
      }
    },
    "mangrove": {
      "trigger": "minecraft:placed_block",
      "conditions": {
        "item": {
          "nbt": "{cul:{id:\"mangrove_culinary_table\"}}"
        }
      }
    },
    "crimson": {
      "trigger": "minecraft:placed_block",
      "conditions": {
        "item": {
          "nbt": "{cul:{id:\"crimson_culinary_table\"}}"
        }
      }
    },
    "warped": {
      "trigger": "minecraft:placed_block",
      "conditions": {
        "item": {
          "nbt": "{cul:{id:\"warped_culinary_table\"}}"
        }
      }
    }
  },
  "requirements": [
    [
      "oak",
      "birch",
      "spruce",
      "jungle",
      "acacia",
      "dark_oak",
      "mangrove",
      "crimson",
      "warped"
    ]
  ]
}
