{
  "type": "minecraft:generic",
  "pools": [
    {
      "rolls": 1,
      "entries": [
        {
          "type": "minecraft:item",
          "name": "minecraft:structure_block",
          "functions": [
            {
              "function": "minecraft:set_count",
              "count": 1
            },
            {
              "function": "minecraft:set_nbt",
              "tag": "{HideFlags:2,cul:{id:\"butter\",age:1},CustomModelData:8520008}"
            },
            {
              "function": "minecraft:set_name",
              "name": [
                {
                  "translate": "cul.item.butter",
                  "color": "white",
                  "italic": false
                }
              ]
            },
            {
              "function": "minecraft:set_lore",
              "lore": [
                {
                  "translate": "cul.pack",
                  "color": "gold",
                  "italic": false
                }
              ]
            }
          ]
        }
      ]
    }
  ]
}
