{
	"credit": "Made with Blockbench",
	"parent": "block/block",
	"texture_size": [32, 32],
	"textures": {
		"0": "cul:block/quartz_pan"
	},
	"elements": [
		{
			"name": "Pan",
			"from": [2, 0, 2],
			"to": [14, 3, 14],
			"faces": {
				"north": {"uv": [0, 0, 6, 1.5], "texture": "#0"},
				"east": {"uv": [0, 0, 6, 1.5], "texture": "#0"},
				"south": {"uv": [0, 0, 6, 1.5], "texture": "#0"},
				"west": {"uv": [0, 0, 6, 1.5], "texture": "#0"},
				"up": {"uv": [0, 1.5, 6, 7.5], "texture": "#0"}
			}
		},
		{
			"name": "Pan Inner",
			"from": [12, 3, 12],
			"to": [4, 1, 4],
			"faces": {
				"north": {"uv": [6, 1, 10, 0], "texture": "#0"},
				"east": {"uv": [6, 1, 10, 0], "texture": "#0"},
				"south": {"uv": [6, 1, 10, 0], "texture": "#0"},
				"west": {"uv": [6, 1, 10, 0], "texture": "#0"},
				"up": {"uv": [6, 1, 10, 5], "texture": "#0"},
				"down": {"uv": [0, 10, 0, 10], "texture": "#0"}
			}
		},
		{
			"name": "Handle",
			"from": [-6, 1, 7],
			"to": [2, 3, 9],
			"faces": {
				"north": {"uv": [0, 7.5, 4, 8.5], "texture": "#0"},
				"east": {"uv": [2.5, 7.5, 3.5, 8.5], "texture": "#0"},
				"south": {"uv": [0, 8.5, 4, 9.5], "texture": "#0"},
				"west": {"uv": [4, 7.5, 5, 8.5], "texture": "#0"},
				"up": {"uv": [4, 7.5, 0, 8.5], "texture": "#0"},
				"down": {"uv": [0, 9.5, 4, 8.5], "texture": "#0"}
			}
		}
	],
	"display": {
		"thirdperson_righthand": {
			"rotation": [75, 45, 0],
			"translation": [0, 2.5, 0],
			"scale": [0.375, 0.375, 0.375]
		},
		"thirdperson_lefthand": {
			"rotation": [75, 45, 0],
			"translation": [0, 2.5, 0],
			"scale": [0.375, 0.375, 0.375]
		},
		"firstperson_righthand": {
			"rotation": [0, 45, 0],
			"translation": [0, 2.5, 0],
			"scale": [0.4, 0.4, 0.4]
		},
		"firstperson_lefthand": {
			"rotation": [0, 225, 0],
			"translation": [0, 2.5, 0],
			"scale": [0.4, 0.4, 0.4]
		},
		"ground": {
			"rotation": [0, -180, 0],
			"translation": [0, 7.4, -6]
		},
		"gui": {
			"rotation": [30, 225, 0],
			"scale": [0.625, 0.625, 0.625]
		},
		"head": {
			"rotation": [-3.94, -0.32, -169.01],
			"scale": [1.6, 1.6, 1.6]
		}
	}
}