{
  "block.pot.item_splash": { "subtitle": "cul.subtitle.block.pot.item_splash", "sounds": [
"cul:block/pot/plop0", "cul:block/pot/plop1" ]},

  "block.pot.item_clank": { "subtitle": "cul.subtitle.block.pot.item_clank", "sounds": [
"cul:block/pot/clank0", "cul:block/pot/clank1" ]},

  "block.pot.take": { "subtitle": "cul.subtitle.block.pot.take", "sounds": [
"cul:block/pot/empty0", "cul:block/pot/empty1" ]},

  "block.pot.crash": { "subtitle": "cul.subtitle.block.pot.crash", "sounds": [
"cul:block/pot/crash" ]},

  "block.pan.ambient": { "subtitle": "cul.subtitle.block.pan.ambient", "sounds": [
"cul:block/pan/ambient0", "cul:block/pan/ambient1", "cul:block/pan/ambient2", "cul:block/pan/ambient3" ]},

  "block.pan.burn": { "subtitle": "cul.subtitle.block.pan.burn", "sounds": [
"cul:block/pan/burn0", "cul:block/pan/burn1" ]},

  "block.pan.oil": { "sounds": [
"minecraft:item/bottle/drink_honey1", "minecraft:item/bottle/drink_honey2" ]},

  "block.pan.egg": { "sounds": [
"minecraft:mob/turtle/egg/egg_crack1", "minecraft:mob/turtle/egg/egg_crack2", "minecraft:mob/turtle/egg/egg_crack3", "minecraft:mob/turtle/egg/egg_crack4", "minecraft:mob/turtle/egg/egg_crack5" ]},

  "block.pan.brush": { "sounds": [
"minecraft:block/azalea_leaves/step1", "minecraft:block/azalea_leaves/step2", "minecraft:block/azalea_leaves/step3", "minecraft:block/azalea_leaves/step4", "minecraft:block/azalea_leaves/step5" ]},

  "block.pan.fluid": { "sounds": [
"minecraft:item/bucket/empty1", "minecraft:item/bucket/empty2", "minecraft:item/bucket/empty3" ]},

  "block.culinary_table.cut": { "subtitle": "cul.subtitle.block.culinary_table.cut", "sounds": [
"cul:item/knife0", "cul:item/knife1" ]},

  "block.salt_pillar.harvest": { "subtitle": "cul.subtitle.block.salt_pillar.harvest", "sounds": [
"cul:block/salt_pillar/harvest0", "cul:block/salt_pillar/harvest1" ]},

  "block.clam.open": { "subtitle": "cul.subtitle.block.clam.open", "sounds": [
"cul:block/clam/open" ]},

  "block.clam.close": { "subtitle": "cul.subtitle.block.clam.close", "sounds": [
"cul:block/clam/close" ]},

  "block.clam.eat": { "subtitle": "cul.subtitle.block.clam.eat", "sounds": [
"cul:block/clam/eat" ]},

  "block.clam.insert": { "subtitle": "cul.subtitle.block.clam.insert", "sounds": [
"minecraft:mob/slime/small1", "minecraft:mob/slime/small2", "minecraft:mob/slime/small3" ]},

  "block.planter.mutate_crop": { "subtitle": "cul.subtitle.block.planter.mutate_crop", "sounds": [
"cul:block/planter/mutate_crop0", "cul:block/planter/mutate_crop1" ]},

  "item.butter.melt": { "subtitle": "cul.subtitle.item.butter.melt", "sounds": [
"minecraft:block/honeyblock/slide1", "minecraft:block/honeyblock/slide2", "minecraft:block/honeyblock/slide3", "minecraft:block/honeyblock/slide4" ]},

  "entity.deer.step": { "subtitle": "cul.subtitle.entity.deer.step", "sounds": [
"cul:entity/deer/step0", "cul:entity/deer/step1", "cul:entity/deer/step2", "cul:entity/deer/step3" ]},

  "entity.deer.ambient": { "subtitle": "cul.subtitle.entity.deer.ambient", "sounds": [
"cul:entity/deer/idle0", "cul:entity/deer/idle1", "cul:entity/deer/idle2", "cul:entity/deer/idle3" ]},

  "entity.deer.hurt": { "subtitle": "cul.subtitle.entity.deer.hurt", "sounds": [
"minecraft:mob/panda/hurt1", "minecraft:mob/panda/hurt2", "minecraft:mob/panda/hurt3", "minecraft:mob/panda/hurt4", "minecraft:mob/panda/hurt5", "minecraft:mob/panda/hurt6" ]},

  "entity.deer.death": { "subtitle": "cul.subtitle.entity.deer.death", "sounds": [
"minecraft:mob/panda/death1", "minecraft:mob/panda/death2", "minecraft:mob/panda/death3", "minecraft:mob/panda/death4" ]},

  "entity.gnome.ambient": { "subtitle": "cul.subtitle.entity.gnome.ambient", "sounds": [
"cul:entity/gnome/idle0", "cul:entity/gnome/idle1", "cul:entity/gnome/idle2", "cul:entity/gnome/idle3" ]},

  "entity.gnome.hurt": { "subtitle": "cul.subtitle.entity.gnome.hurt", "sounds": [
"cul:entity/gnome/hurt0", "cul:entity/gnome/hurt1", "cul:entity/gnome/hurt2" ]},

  "entity.gnome.death": { "subtitle": "cul.subtitle.entity.gnome.death", "sounds": [
"cul:entity/gnome/death" ]},

  "entity.gnome.trade": { "subtitle": "cul.subtitle.entity.gnome.trade", "sounds": [
"cul:entity/gnome/trade0", "cul:entity/gnome/trade1" ]},

  "entity.gnome.approve": { "subtitle": "cul.subtitle.entity.gnome.approve", "sounds": [
"cul:entity/gnome/trade0", "cul:entity/gnome/trade1" ]}
}