{
	"credit": "Made with Blockbench",
	"texture_size": [64, 64],
	"textures": {
		"0": "cul:entity/deer/doe",
		"particle": "cul:entity/deer/doe"
	},
	"elements": [
		{
			"name": "Body",
			"from": [4, 6, 0],
			"to": [12, 14, 15],
			"faces": {
				"north": {"uv": [3.75, 3.75, 5.75, 5.75], "texture": "#0"},
				"east": {"uv": [0, 3.75, 3.75, 5.75], "texture": "#0"},
				"south": {"uv": [9.5, 3.75, 11.5, 5.75], "texture": "#0"},
				"west": {"uv": [5.75, 3.75, 9.5, 5.75], "texture": "#0"},
				"up": {"uv": [5.75, 3.75, 3.75, 0], "texture": "#0"},
				"down": {"uv": [7.75, 0, 5.75, 3.75], "texture": "#0"}
			}
		},
		{
			"name": "Tail",
			"from": [6, 11, 14],
			"to": [10, 15, 18],
			"rotation": {"angle": 0, "axis": "y", "origin": [8, 18, 15]},
			"faces": {
				"north": {"uv": [9, 1, 10, 2], "texture": "#0"},
				"east": {"uv": [8, 1, 9, 2], "texture": "#0"},
				"south": {"uv": [11, 1, 12, 2], "texture": "#0"},
				"west": {"uv": [10, 1, 11, 2], "texture": "#0"},
				"up": {"uv": [10, 1, 9, 0], "texture": "#0"},
				"down": {"uv": [11, 0, 10, 1], "texture": "#0"}
			}
		},
		{
			"name": "Head",
			"from": [5, 11, -1],
			"to": [11, 24, 4],
			"rotation": {"angle": 0, "axis": "y", "origin": [8, 18.25, 2.5]},
			"faces": {
				"north": {"uv": [1.25, 7.25, 2.75, 10.5], "texture": "#0"},
				"east": {"uv": [0, 7.25, 1.25, 10.5], "texture": "#0"},
				"south": {"uv": [4, 7.25, 5.5, 10.5], "texture": "#0"},
				"west": {"uv": [2.75, 7.25, 4, 10.5], "texture": "#0"},
				"up": {"uv": [2.75, 7.25, 1.25, 6], "texture": "#0"},
				"down": {"uv": [4.25, 6, 2.75, 7.25], "texture": "#0"}
			}
		},
		{
			"name": "Snoot",
			"from": [6.5, 18, -4],
			"to": [9.5, 21, -1],
			"rotation": {"angle": 0, "axis": "y", "origin": [8, 18.25, 2.5]},
			"faces": {
				"north": {"uv": [6.5, 6.75, 7.25, 7.5], "texture": "#0"},
				"east": {"uv": [5.75, 6.75, 6.5, 7.5], "texture": "#0"},
				"south": {"uv": [8, 6.75, 8.75, 7.5], "texture": "#0"},
				"west": {"uv": [7.25, 6.75, 8, 7.5], "texture": "#0"},
				"up": {"uv": [7.25, 6.75, 6.5, 6], "texture": "#0"},
				"down": {"uv": [8, 6, 7.25, 6.75], "texture": "#0"}
			}
		},
		{
			"name": "Ear Left",
			"from": [5, 24, 1],
			"to": [7, 26, 2],
			"rotation": {"angle": 0, "axis": "y", "origin": [8, 18.25, 2.5]},
			"faces": {
				"north": {"uv": [6, 8, 6.5, 8.5], "texture": "#0"},
				"east": {"uv": [5.75, 8, 6, 8.5], "texture": "#0"},
				"south": {"uv": [6.75, 8, 7.25, 8.5], "texture": "#0"},
				"west": {"uv": [6.5, 8, 6.75, 8.5], "texture": "#0"},
				"up": {"uv": [6.5, 8, 6, 7.75], "texture": "#0"},
				"down": {"uv": [7, 7.75, 6.5, 8], "texture": "#0"}
			}
		},
		{
			"name": "Ear Right",
			"from": [9, 24, 1],
			"to": [11, 26, 2],
			"rotation": {"angle": 0, "axis": "y", "origin": [8, 18.25, 2.5]},
			"faces": {
				"north": {"uv": [6, 8, 6.5, 8.5], "texture": "#0"},
				"east": {"uv": [5.75, 8, 6, 8.5], "texture": "#0"},
				"south": {"uv": [6.75, 8, 7.25, 8.5], "texture": "#0"},
				"west": {"uv": [6.5, 8, 6.75, 8.5], "texture": "#0"},
				"up": {"uv": [6.5, 8, 6, 7.75], "texture": "#0"},
				"down": {"uv": [7, 7.75, 6.5, 8], "texture": "#0"}
			}
		},
		{
			"name": "Leg Front Left",
			"from": [4, -5, 1],
			"to": [7, 6, 4],
			"rotation": {"angle": 0, "axis": "y", "origin": [5.5, 6, 2.5]},
			"faces": {
				"north": {"uv": [0.75, 0.75, 1.5, 3.5], "texture": "#0"},
				"east": {"uv": [0, 0.75, 0.75, 3.5], "texture": "#0"},
				"south": {"uv": [2.25, 0.75, 3, 3.5], "texture": "#0"},
				"west": {"uv": [1.5, 0.75, 2.25, 3.5], "texture": "#0"},
				"up": {"uv": [1.5, 0.75, 0.75, 0], "texture": "#0"},
				"down": {"uv": [2.25, 0, 1.5, 0.75], "texture": "#0"}
			}
		},
		{
			"name": "Leg Front Right",
			"from": [9, -5, 1],
			"to": [12, 6, 4],
			"rotation": {"angle": 0, "axis": "y", "origin": [10.5, 6, 2.5]},
			"faces": {
				"north": {"uv": [0.75, 0.75, 1.5, 3.5], "texture": "#0"},
				"east": {"uv": [0, 0.75, 0.75, 3.5], "texture": "#0"},
				"south": {"uv": [2.25, 0.75, 3, 3.5], "texture": "#0"},
				"west": {"uv": [1.5, 0.75, 2.25, 3.5], "texture": "#0"},
				"up": {"uv": [1.5, 0.75, 0.75, 0], "texture": "#0"},
				"down": {"uv": [2.25, 0, 1.5, 0.75], "texture": "#0"}
			}
		},
		{
			"name": "Leg Back Left",
			"from": [4, -5, 12],
			"to": [7, 6, 15],
			"rotation": {"angle": 0, "axis": "y", "origin": [5.5, 6, 13.5]},
			"faces": {
				"north": {"uv": [0.75, 0.75, 1.5, 3.5], "texture": "#0"},
				"east": {"uv": [0, 0.75, 0.75, 3.5], "texture": "#0"},
				"south": {"uv": [2.25, 0.75, 3, 3.5], "texture": "#0"},
				"west": {"uv": [1.5, 0.75, 2.25, 3.5], "texture": "#0"},
				"up": {"uv": [1.5, 0.75, 0.75, 0], "texture": "#0"},
				"down": {"uv": [2.25, 0, 1.5, 0.75], "texture": "#0"}
			}
		},
		{
			"name": "Leg Back Right",
			"from": [9, -5, 12],
			"to": [12, 6, 15],
			"rotation": {"angle": 0, "axis": "y", "origin": [10.5, 6, 13.5]},
			"faces": {
				"north": {"uv": [0.75, 0.75, 1.5, 3.5], "texture": "#0"},
				"east": {"uv": [0, 0.75, 0.75, 3.5], "texture": "#0"},
				"south": {"uv": [2.25, 0.75, 3, 3.5], "texture": "#0"},
				"west": {"uv": [1.5, 0.75, 2.25, 3.5], "texture": "#0"},
				"up": {"uv": [1.5, 0.75, 0.75, 0], "texture": "#0"},
				"down": {"uv": [2.25, 0, 1.5, 0.75], "texture": "#0"}
			}
		}
	],
	"groups": [
		{
			"name": "Root",
			"origin": [8, 8, 8],
			"color": 0,
			"children": [
				{
					"name": "Body",
					"origin": [8, 8, 8],
					"color": 0,
					"children": [
						0,
						1,
						{
							"name": "Head",
							"origin": [8, 8, 8],
							"color": 0,
							"children": [2, 3, 4, 5]
						},
						{
							"name": "Legs",
							"origin": [8, 8, 8],
							"color": 0,
							"children": [6, 7, 8, 9]
						}
					]
				}
			]
		}
	]
}