{
  "providers": [
    {
      "type": "bitmap",
      "file": "cul:gui/alcohol/full.png",
      "ascent": -16,
      "height": 9,
      "chars": [
        "\ua000"
      ]
    },
	{
      "type": "bitmap",
      "file": "cul:gui/alcohol/empty.png",
      "ascent": -16,
      "height": 9,
      "chars": [
        "\ua001"
      ]
    },
    {
      "type": "bitmap",
      "file": "cul:gui/alcohol/full.png",
      "ascent": -6,
      "height": 9,
      "chars": [
        "\ua002"
      ]
    },
	{
      "type": "bitmap",
      "file": "cul:gui/alcohol/empty.png",
      "ascent": -6,
      "height": 9,
      "chars": [
        "\ua003"
      ]
    }
  ]
}