{
	"credit": "Made with Blockbench",
	"parent": "block/block",
	"textures": {
		"1": "cul:block/pan_contents"
	},
	"elements": [
		{
			"name": "Oil",
			"from": [4, 0.1, 4],
			"to": [12, 0.1, 12],
			"rotation": {"angle": 0, "axis": "x", "origin": [7.5, 3.75, 6.5]},
			"faces": {
				"north": {"uv": [0, 0, 4, 4], "texture": "#1"},
				"east": {"uv": [0, 0, 4, 4], "texture": "#1"},
				"south": {"uv": [0, 0, 4, 4], "texture": "#1"},
				"west": {"uv": [0, 0, 4, 4], "texture": "#1"},
				"up": {"uv": [4.5, 0, 8.5, 4], "texture": "#1"},
				"down": {"uv": [0, 0, 4, 4], "texture": "#1"}
			}
		},
		{
			"name": "Fry",
			"from": [3.75, 0, 7.5],
			"to": [10.75, 1, 9.5],
			"rotation": {"angle": 22.5, "axis": "y", "origin": [9.5, 0.5, 7]},
			"faces": {
				"north": {"uv": [3.5, 14.5, 0, 15], "texture": "#1"},
				"east": {"uv": [0.5, 14, 0, 15], "rotation": 270, "texture": "#1"},
				"south": {"uv": [3.5, 14, 0, 14.5], "texture": "#1"},
				"west": {"uv": [3.5, 14, 3, 15], "rotation": 90, "texture": "#1"},
				"up": {"uv": [3.5, 14, 0, 15], "rotation": 180, "texture": "#1"},
				"down": {"uv": [3.5, 14, 0, 15], "texture": "#1"}
			}
		},
		{
			"name": "Fry",
			"from": [4.6, 0, 5.4],
			"to": [11.6, 1, 7.4],
			"rotation": {"angle": 22.5, "axis": "y", "origin": [9.5, 0.5, 7]},
			"faces": {
				"north": {"uv": [3.5, 14.5, 0, 15], "texture": "#1"},
				"east": {"uv": [0.5, 14, 0, 15], "rotation": 270, "texture": "#1"},
				"south": {"uv": [3.5, 14, 0, 14.5], "texture": "#1"},
				"west": {"uv": [3.5, 14, 3, 15], "rotation": 90, "texture": "#1"},
				"up": {"uv": [3.5, 14, 0, 15], "rotation": 180, "texture": "#1"},
				"down": {"uv": [3.5, 14, 0, 15], "texture": "#1"}
			}
		}
	],
	"display": {
		"thirdperson_righthand": {
			"rotation": [75, 45, 0],
			"translation": [0, 2.5, 0],
			"scale": [0.375, 0.375, 0.375]
		},
		"thirdperson_lefthand": {
			"rotation": [75, 45, 0],
			"translation": [0, 2.5, 0],
			"scale": [0.375, 0.375, 0.375]
		},
		"firstperson_righthand": {
			"rotation": [0, 45, 0],
			"scale": [0.4, 0.4, 0.4]
		},
		"firstperson_lefthand": {
			"rotation": [0, 225, 0],
			"scale": [0.4, 0.4, 0.4]
		},
		"ground": {
			"translation": [0, 3, 0],
			"scale": [0.25, 0.25, 0.25]
		},
		"gui": {
			"rotation": [30, 225, 0],
			"scale": [0.625, 0.625, 0.625]
		},
		"head": {
			"rotation": [0, 180, 0],
			"translation": [0, -2.6, -0.75],
			"scale": [1.65, 1.65, 1.65]
		},
		"fixed": {
			"scale": [0.5, 0.5, 0.5]
		}
	}
}