{
  "pools": [
    {
      "rolls": 1,
      "entries": [
        {
          "type": "minecraft:item",
          "name": "minecraft:cod"
        },
        {
          "type": "minecraft:item",
          "name": "minecraft:salmon"
        },
        {
          "type": "minecraft:item",
          "name": "minecraft:pufferfish"
        },
        {
          "type": "minecraft:item",
          "name": "minecraft:clay_ball"
        },
        {
          "type": "minecraft:item",
          "name": "minecraft:scute"
        },
        {
          "type": "minecraft:item",
          "name": "minecraft:prismarine_shard"
        },
        {
          "type": "minecraft:item",
          "name": "minecraft:prismarine_crystals"
        },
        {
          "type": "minecraft:item",
          "name": "minecraft:emerald"
        },
        {
          "type": "minecraft:item",
          "name": "minecraft:nautilus_shell"
        },
        {
          "type": "minecraft:loot_table",
          "name": "cul:item/salt"
        }
      ]
    }
  ]
}
