{
	"credit": "Made with Blockbench",
	"texture_size": [48, 48],
	"textures": {
		"0": "cul:block/salt_pillar",
		"particle": "cul:block/salt_pillar"
	},
	"elements": [
		{
			"from": [4.5, 7, 5],
			"to": [8.5, 12, 9],
			"rotation": {"angle": -22.5, "axis": "y", "origin": [6.5, 9.5, 7]},
			"faces": {
				"north": {"uv": [0.33333, 2, 1.66667, 3.66667], "texture": "#0"},
				"east": {"uv": [0.33333, 2, 1.66667, 3.66667], "texture": "#0"},
				"south": {"uv": [0.33333, 2, 1.66667, 3.66667], "texture": "#0"},
				"west": {"uv": [0.33333, 2, 1.66667, 3.66667], "texture": "#0"},
				"up": {"uv": [0.33333, 2, 1.66667, 3.33333], "rotation": 270, "texture": "#0"},
				"down": {"uv": [0.33333, 2, 1.66667, 3.33333], "rotation": 90, "texture": "#0"}
			}
		},
		{
			"from": [3.5, 0, 4],
			"to": [8.5, 7, 9],
			"faces": {
				"north": {"uv": [0.33333, 4, 2, 6.33333], "texture": "#0"},
				"east": {"uv": [0.33333, 4, 2, 6.33333], "texture": "#0"},
				"south": {"uv": [0.33333, 4, 2, 6.33333], "texture": "#0"},
				"west": {"uv": [0.33333, 4, 2, 6.33333], "texture": "#0"},
				"up": {"uv": [0.33333, 4, 2, 5.66667], "texture": "#0"},
				"down": {"uv": [0.33333, 4, 2, 5.66667], "texture": "#0"}
			}
		},
		{
			"from": [7.5, 5, 8.5],
			"to": [9.5, 7, 10.5],
			"faces": {
				"north": {"uv": [2.33333, 7.66667, 3, 8.33333], "texture": "#0"},
				"east": {"uv": [2.33333, 7.66667, 3, 8.33333], "texture": "#0"},
				"south": {"uv": [2.33333, 7.66667, 3, 8.33333], "texture": "#0"},
				"west": {"uv": [2.33333, 7.66667, 3, 8.33333], "texture": "#0"},
				"up": {"uv": [2.33333, 7.66667, 3, 8.33333], "texture": "#0"},
				"down": {"uv": [2.33333, 7.66667, 3, 8.33333], "texture": "#0"}
			}
		},
		{
			"from": [5.5, 0, 6],
			"to": [12.5, 5, 13],
			"faces": {
				"north": {"uv": [2, 1.66667, 4.33333, 3.33333], "texture": "#0"},
				"east": {"uv": [2, 1.66667, 4.33333, 3.33333], "texture": "#0"},
				"south": {"uv": [2, 1.66667, 4.33333, 3.33333], "texture": "#0"},
				"west": {"uv": [2, 1.66667, 4.33333, 3.33333], "texture": "#0"},
				"up": {"uv": [2.66667, 8.66667, 5, 11], "texture": "#0"},
				"down": {"uv": [2.66667, 8.66667, 5, 11], "texture": "#0"}
			}
		},
		{
			"from": [4, 12, 7],
			"to": [9, 17, 7],
			"rotation": {"angle": 45, "axis": "y", "origin": [6.5, 15.5, 7]},
			"faces": {
				"north": {"uv": [0.66667, 13.66667, 2.33333, 15.33333], "texture": "#0"},
				"south": {"uv": [0.66667, 13.66667, 2.33333, 15.33333], "texture": "#0"}
			}
		},
		{
			"from": [6.5, 12, 4.5],
			"to": [6.5, 17, 9.5],
			"rotation": {"angle": 45, "axis": "y", "origin": [6.5, 15.5, 7]},
			"faces": {
				"east": {"uv": [0.66667, 13.66667, 2.33333, 15.33333], "texture": "#0"},
				"west": {"uv": [0.66667, 13.66667, 2.33333, 15.33333], "texture": "#0"}
			}
		},
		{
			"from": [11, 5, 8.5],
			"to": [11, 10, 13.5],
			"rotation": {"angle": 22.5, "axis": "y", "origin": [10.5, 7.5, 11]},
			"faces": {
				"east": {"uv": [0.66667, 13.66667, 2.33333, 15.33333], "texture": "#0"},
				"west": {"uv": [0.66667, 13.66667, 2.33333, 15.33333], "texture": "#0"}
			}
		},
		{
			"from": [8.5, 5, 11],
			"to": [13.5, 10, 11],
			"rotation": {"angle": 22.5, "axis": "y", "origin": [10.5, 7.5, 11]},
			"faces": {
				"north": {"uv": [0.66667, 13.66667, 2.33333, 15.33333], "texture": "#0"},
				"south": {"uv": [0.66667, 13.66667, 2.33333, 15.33333], "texture": "#0"}
			}
		}
	],
	"display": {
		"thirdperson_righthand": {
			"rotation": [75, 45, 0],
			"translation": [0, 2.5, 0],
			"scale": [0.375, 0.375, 0.375]
		},
		"thirdperson_lefthand": {
			"rotation": [75, 45, 0],
			"translation": [0, 2.5, 0],
			"scale": [0.375, 0.375, 0.375]
		},
		"firstperson_righthand": {
			"rotation": [0, 45, 0],
			"scale": [0.4, 0.4, 0.4]
		},
		"firstperson_lefthand": {
			"rotation": [0, 225, 0],
			"scale": [0.4, 0.4, 0.4]
		},
		"ground": {
			"rotation": [0, -180, 0],
			"translation": [0, 7.4, -6]
		},
		"gui": {
			"rotation": [30, 225, 0],
			"scale": [0.625, 0.625, 0.625]
		},
		"fixed": {
			"scale": [0.5, 0.5, 0.5]
		}
	}
}