{
	"credit": "Made with Blockbench",
	"texture_size": [48, 48],
	"textures": {
		"0": "cul:block/salt_pillar",
		"particle": "cul:block/salt_pillar"
	},
	"elements": [
		{
			"from": [5, 0, 6],
			"to": [13, 8, 14],
			"rotation": {"angle": 22.5, "axis": "y", "origin": [9, 12, 10]},
			"faces": {
				"north": {"uv": [5.33334, 7.66667, 8, 10.33333], "texture": "#0"},
				"east": {"uv": [5.33334, 7.66667, 8, 10.33333], "texture": "#0"},
				"south": {"uv": [5.33334, 7.66667, 8, 10.33333], "texture": "#0"},
				"west": {"uv": [5.33334, 7.66667, 8, 10.33333], "texture": "#0"},
				"up": {"uv": [5.33334, 7.66667, 8, 10.33333], "texture": "#0"},
				"down": {"uv": [5.33334, 7.66667, 8, 10.33333], "texture": "#0"}
			}
		},
		{
			"from": [12.14701, 8, 10.23359],
			"to": [15.14701, 13, 13.23359],
			"rotation": {"angle": 0, "axis": "y", "origin": [7.64701, 11.5, 6.73359]},
			"faces": {
				"north": {"uv": [0.33334, 0, 1.33333, 1.66666], "texture": "#0"},
				"east": {"uv": [0.33334, 0, 1.33333, 1.66666], "texture": "#0"},
				"south": {"uv": [0.33334, 0, 1.33333, 1.66666], "texture": "#0"},
				"west": {"uv": [0.33334, 0, 1.33333, 1.66666], "texture": "#0"},
				"up": {"uv": [0.33334, 0, 1.33333, 1], "texture": "#0"},
				"down": {"uv": [0.33334, 0, 1.33333, 1], "texture": "#0"}
			}
		},
		{
			"from": [5.14701, 8, 12.23359],
			"to": [8.14701, 13, 15.23359],
			"rotation": {"angle": 0, "axis": "y", "origin": [7.64701, 11.5, 6.73359]},
			"faces": {
				"north": {"uv": [0.33334, 0, 1.33333, 1.66666], "texture": "#0"},
				"east": {"uv": [0.33334, 0, 1.33333, 1.66666], "texture": "#0"},
				"south": {"uv": [0.33334, 0, 1.33333, 1.66666], "texture": "#0"},
				"west": {"uv": [0.33334, 0, 1.33333, 1.66666], "texture": "#0"},
				"up": {"uv": [0.33334, 0, 1.33333, 1], "texture": "#0"},
				"down": {"uv": [0.33334, 0, 1.33333, 1], "texture": "#0"}
			}
		},
		{
			"from": [3.14701, 8, 6.23359],
			"to": [6.14701, 13, 9.23359],
			"rotation": {"angle": 0, "axis": "y", "origin": [7.64701, 11.5, 6.73359]},
			"faces": {
				"north": {"uv": [0.33334, 0, 1.33333, 1.66666], "texture": "#0"},
				"east": {"uv": [0.33334, 0, 1.33333, 1.66666], "texture": "#0"},
				"south": {"uv": [0.33334, 0, 1.33333, 1.66666], "texture": "#0"},
				"west": {"uv": [0.33334, 0, 1.33333, 1.66666], "texture": "#0"},
				"up": {"uv": [0.33334, 0, 1.33333, 1], "texture": "#0"},
				"down": {"uv": [0.33334, 0, 1.33333, 1], "texture": "#0"}
			}
		},
		{
			"from": [9.14701, 8, 4.23359],
			"to": [13.14701, 13, 8.23359],
			"rotation": {"angle": 0, "axis": "y", "origin": [7.64701, 11.5, 6.73359]},
			"faces": {
				"north": {"uv": [0.33334, 2, 1.66667, 3.66666], "texture": "#0"},
				"east": {"uv": [0.33334, 2, 1.66667, 3.66666], "texture": "#0"},
				"south": {"uv": [0.33334, 2, 1.66667, 3.66666], "texture": "#0"},
				"west": {"uv": [0.33334, 2, 1.66667, 3.66666], "texture": "#0"},
				"up": {"uv": [0.33334, 2, 1.66667, 3.33333], "texture": "#0"},
				"down": {"uv": [0.33334, 2, 1.66667, 3.33333], "texture": "#0"}
			}
		},
		{
			"from": [4.14701, 0, 1.23359],
			"to": [10.14701, 5, 7.23359],
			"rotation": {"angle": 0, "axis": "y", "origin": [6.64701, 11.5, 3.73359]},
			"faces": {
				"north": {"uv": [2.33334, 3.66667, 4.33333, 5.33333], "texture": "#0"},
				"east": {"uv": [2.33334, 3.66667, 4.33333, 5.33333], "texture": "#0"},
				"south": {"uv": [2.33334, 3.66667, 4.33333, 5.33333], "texture": "#0"},
				"west": {"uv": [2.33334, 3.66667, 4.33333, 5.33333], "texture": "#0"},
				"up": {"uv": [2.66667, 9, 4.66667, 11], "texture": "#0"},
				"down": {"uv": [2.66667, 9, 4.66667, 11], "texture": "#0"}
			}
		}
	],
	"display": {
		"thirdperson_righthand": {
			"rotation": [75, 45, 0],
			"translation": [0, 2.5, 0],
			"scale": [0.375, 0.375, 0.375]
		},
		"thirdperson_lefthand": {
			"rotation": [75, 45, 0],
			"translation": [0, 2.5, 0],
			"scale": [0.375, 0.375, 0.375]
		},
		"firstperson_righthand": {
			"rotation": [0, 45, 0],
			"scale": [0.4, 0.4, 0.4]
		},
		"firstperson_lefthand": {
			"rotation": [0, 225, 0],
			"scale": [0.4, 0.4, 0.4]
		},
		"ground": {
			"rotation": [0, -180, 0],
			"translation": [0, 7.4, -6]
		},
		"gui": {
			"rotation": [30, 225, 0],
			"scale": [0.625, 0.625, 0.625]
		},
		"fixed": {
			"scale": [0.5, 0.5, 0.5]
		}
	}
}