{
	"credit": "Made with Blockbench",
	"texture_size": [32, 32],
	"textures": {
		"0": "cul:block/clam_tourmaline",
		"particle": "cul:block/clam_tourmaline"
	},
	"elements": [
		{
			"from": [2.75, 0, 2.5],
			"to": [13.75, 2, 13.5],
			"faces": {
				"north": {"uv": [0, 7.5, 5.5, 8.5], "texture": "#0"},
				"east": {"uv": [0, 7.5, 5.5, 8.5], "texture": "#0"},
				"south": {"uv": [0, 7.5, 5.5, 8.5], "texture": "#0"},
				"west": {"uv": [0, 7.5, 5.5, 8.5], "texture": "#0"},
				"up": {"uv": [6, 6, 11.5, 11.5], "texture": "#0"},
				"down": {"uv": [0, 0, 5.5, 5.5], "texture": "#0"}
			}
		},
		{
			"from": [2.75, 2, 2.5],
			"to": [13.75, 4, 13.5],
			"rotation": {"angle": 0, "axis": "x", "origin": [8, 2, 13.5]},
			"faces": {
				"north": {"uv": [0, 6, 5.5, 7], "texture": "#0"},
				"east": {"uv": [0, 6, 5.5, 7], "texture": "#0"},
				"south": {"uv": [0, 6, 5.5, 7], "texture": "#0"},
				"west": {"uv": [0, 6, 5.5, 7], "texture": "#0"},
				"up": {"uv": [0, 0, 5.5, 5.5], "texture": "#0"},
				"down": {"uv": [6, 0, 11.5, 5.5], "texture": "#0"}
			}
		}
	],
	"display": {
		"thirdperson_righthand": {
			"rotation": [75, 45, 0],
			"translation": [0, 2.5, 0],
			"scale": [0.375, 0.375, 0.375]
		},
		"thirdperson_lefthand": {
			"rotation": [75, 45, 0],
			"translation": [0, 2.5, 0],
			"scale": [0.375, 0.375, 0.375]
		},
		"firstperson_righthand": {
			"rotation": [0, 45, 0],
			"scale": [0.4, 0.4, 0.4]
		},
		"firstperson_lefthand": {
			"rotation": [0, 225, 0],
			"scale": [0.4, 0.4, 0.4]
		},
		"ground": {
			"rotation": [0, -180, 0],
			"translation": [0, 7.4, -6]
		},
		"gui": {
			"rotation": [30, 225, 0],
			"scale": [0.625, 0.625, 0.625]
		},
		"fixed": {
			"scale": [0.5, 0.5, 0.5]
		}
	}
}