{
	"credit": "Made with Blockbench",
	"parent": "block/block",
	"textures": {
		"1": "cul:block/pot_contents"
	},
	"elements": [
		{
			"name": "Beetroot",
			"from": [6, 1.5, 6],
			"to": [10, 5.5, 10],
			"rotation": {"angle": 0, "axis": "x", "origin": [5.5, 3.75, 5]},
			"faces": {
				"north": {"uv": [0, 7, 2, 9], "texture": "#1"},
				"east": {"uv": [0, 7, 2, 9], "texture": "#1"},
				"south": {"uv": [0, 7, 2, 9], "texture": "#1"},
				"west": {"uv": [0, 7, 2, 9], "texture": "#1"},
				"up": {"uv": [0, 7, 2, 9], "texture": "#1"},
				"down": {"uv": [0, 7, 2, 9], "texture": "#1"}
			}
		},
		{
			"name": "Beetroot Stem",
			"from": [6.5, 5.5, 8],
			"to": [9.5, 8.5, 8],
			"rotation": {"angle": 22.5, "axis": "x", "origin": [8, 5.5, 8]},
			"faces": {
				"north": {"uv": [2.5, 7, 4, 8.5], "texture": "#1"},
				"east": {"uv": [0, 0, 0, 0], "texture": "#1"},
				"south": {"uv": [2.5, 7, 4, 8.5], "texture": "#1"},
				"west": {"uv": [0, 0, 0, 0], "texture": "#1"},
				"up": {"uv": [0, 0, 0, 0], "texture": "#1"},
				"down": {"uv": [0, 0, 0, 0], "texture": "#1"}
			}
		}
	],
	"display": {
		"thirdperson_righthand": {
			"rotation": [75, 45, 0],
			"translation": [0, 2.5, 0],
			"scale": [0.375, 0.375, 0.375]
		},
		"thirdperson_lefthand": {
			"rotation": [75, 45, 0],
			"translation": [0, 2.5, 0],
			"scale": [0.375, 0.375, 0.375]
		},
		"firstperson_righthand": {
			"rotation": [0, 45, 0],
			"scale": [0.4, 0.4, 0.4]
		},
		"firstperson_lefthand": {
			"rotation": [0, 225, 0],
			"scale": [0.4, 0.4, 0.4]
		},
		"ground": {
			"translation": [0, 3, 0],
			"scale": [0.25, 0.25, 0.25]
		},
		"gui": {
			"rotation": [30, 225, 0],
			"scale": [0.625, 0.625, 0.625]
		},
		"head": {
			"rotation": [0, 180, 0],
			"translation": [0, -4, -0.5],
			"scale": [1.6, 1.6, 1.6]
		},
		"fixed": {
			"scale": [0.5, 0.5, 0.5]
		}
	}
}