{
	"credit": "Made with Blockbench",
	"parent": "block/block",
	"textures": {
		"1": "cul:block/pot_contents",
		"particle": "cul:block/pot"
	},
	"elements": [
		{
			"name": "Lobster Head",
			"from": [6.5, 10.79485, 1.95495],
			"to": [9.5, 12.79485, 3.95495],
			"rotation": {"angle": 0, "axis": "x", "origin": [8, 11, 3]},
			"faces": {
				"north": {"uv": [11, 0, 12.5, 1], "texture": "#1"},
				"east": {"uv": [13, 0, 14, 1], "rotation": 180, "texture": "#1"},
				"south": {"uv": [11, 1.5, 12.5, 2.5], "rotation": 180, "texture": "#1"},
				"west": {"uv": [13, 0, 14, 1], "rotation": 90, "texture": "#1"},
				"up": {"uv": [11, 2, 12.5, 3], "rotation": 180, "texture": "#1"},
				"down": {"uv": [13, 1.5, 14.5, 2.5], "texture": "#1"}
			}
		},
		{
			"name": "Lobster Feelers",
			"from": [6.499, 12.7938, 1.95395],
			"to": [9.501, 15.7958, 3.95595],
			"rotation": {"angle": -22.5, "axis": "x", "origin": [8, 12.7948, 2.95495]},
			"faces": {
				"east": {"uv": [10, 2, 9, 3.5], "texture": "#1"},
				"west": {"uv": [9, 2, 10, 3.5], "texture": "#1"}
			}
		},
		{
			"name": "Lobster Body",
			"from": [6.5, 2.95708, 3.77639],
			"to": [9.5, 10.95708, 4.77639],
			"rotation": {"angle": 0, "axis": "x", "origin": [8, 9.81114, 4.27346]},
			"faces": {
				"north": {"uv": [13, 1.5, 14.5, 5], "rotation": 180, "texture": "#1"},
				"east": {"uv": [12, 1.5, 12.5, 5], "rotation": 180, "texture": "#1"},
				"south": {"uv": [11, 1.5, 12.5, 5], "rotation": 180, "texture": "#1"},
				"west": {"uv": [12, 1.5, 12.5, 5], "rotation": 180, "texture": "#1"},
				"up": {"uv": [11, 2.5, 12.5, 3], "texture": "#1"},
				"down": {"uv": [13, 1.5, 14.5, 2], "texture": "#1"}
			}
		},
		{
			"name": "Lobster Claw",
			"from": [9.5, 7.5, 1.5],
			"to": [11.5, 10.5, 4.5],
			"rotation": {"angle": 0, "axis": "x", "origin": [9, 5.75, 6.5]},
			"faces": {
				"north": {"uv": [11, 5.5, 12, 7], "texture": "#1"},
				"east": {"uv": [13, 5.5, 11.5, 7], "texture": "#1"},
				"south": {"uv": [12, 1.5, 11, 3], "rotation": 180, "texture": "#1"},
				"west": {"uv": [11.5, 5.5, 13, 7], "texture": "#1"},
				"up": {"uv": [11, 4, 12.5, 5], "rotation": 90, "texture": "#1"},
				"down": {"uv": [13, 1.5, 14, 3], "texture": "#1"}
			}
		},
		{
			"name": "Lobster Claw",
			"from": [4.5, 7.5, 1.5],
			"to": [6.5, 10.5, 4.5],
			"rotation": {"angle": 0, "axis": "x", "origin": [9, 5.75, 6.5]},
			"faces": {
				"north": {"uv": [11, 5.5, 12, 7], "texture": "#1"},
				"east": {"uv": [13, 5.5, 11.5, 7], "texture": "#1"},
				"south": {"uv": [12, 1.5, 11, 3], "rotation": 180, "texture": "#1"},
				"west": {"uv": [11.5, 5.5, 13, 7], "texture": "#1"},
				"up": {"uv": [11, 4, 12.5, 5], "rotation": 90, "texture": "#1"},
				"down": {"uv": [13, 1.5, 14, 3], "texture": "#1"}
			}
		},
		{
			"name": "Lobster Tail",
			"from": [6.5, 2.97806, 4.75235],
			"to": [9.5, 2.97806, 8.75235],
			"rotation": {"angle": -22.5, "axis": "x", "origin": [8, 2.97806, 4.75235]},
			"faces": {
				"up": {"uv": [9, 4, 10.5, 6], "texture": "#1"},
				"down": {"uv": [9, 4, 10.5, 6], "rotation": 180, "texture": "#1"}
			}
		},
		{
			"name": "Lobster Feelers inverted",
			"from": [9.5, 15.7948, 3.95495],
			"to": [6.5, 12.7948, 1.95495],
			"rotation": {"angle": -22.5, "axis": "x", "origin": [8, 12.7948, 2.95495]},
			"faces": {
				"east": {"uv": [9, 3.5, 10, 2], "texture": "#1"},
				"west": {"uv": [10, 3.5, 9, 2], "texture": "#1"}
			}
		},
		{
			"name": "Kelp",
			"from": [6, 1.5, 6],
			"to": [10, 2.5, 12],
			"rotation": {"angle": 45, "axis": "y", "origin": [8, 2.55, 9]},
			"faces": {
				"east": {"uv": [4, 8.5, 4.5, 11.5], "rotation": 90, "texture": "#1"},
				"west": {"uv": [4, 8.5, 4.5, 11.5], "rotation": 270, "texture": "#1"},
				"up": {"uv": [4, 8.5, 6, 11.5], "texture": "#1"},
				"down": {"uv": [4, 8.5, 6, 11.5], "rotation": 180, "texture": "#1"}
			}
		},
		{
			"name": "Kelp inverted",
			"from": [10, 2.5, 12],
			"to": [6, 1.5, 6],
			"rotation": {"angle": 45, "axis": "y", "origin": [8, 2.55, 9]},
			"faces": {
				"east": {"uv": [4.5, 8.5, 4, 11.5], "rotation": 270, "texture": "#1"},
				"west": {"uv": [4.5, 8.5, 4, 11.5], "rotation": 270, "texture": "#1"},
				"up": {"uv": [6, 8.5, 4, 11.5], "rotation": 180, "texture": "#1"},
				"down": {"uv": [6, 8.5, 4, 11.5], "texture": "#1"}
			}
		},
		{
			"name": "Kelp",
			"from": [6, 2.6, 6],
			"to": [10, 3.6, 12],
			"rotation": {"angle": 22.5, "axis": "y", "origin": [8, 2.55, 9]},
			"faces": {
				"east": {"uv": [4, 8.5, 4.5, 11.5], "rotation": 90, "texture": "#1"},
				"west": {"uv": [4, 8.5, 4.5, 11.5], "rotation": 270, "texture": "#1"},
				"up": {"uv": [4, 8.5, 6, 11.5], "texture": "#1"},
				"down": {"uv": [4, 8.5, 6, 11.5], "rotation": 180, "texture": "#1"}
			}
		},
		{
			"name": "Kelp inverted",
			"from": [10, 3.6, 12],
			"to": [6, 2.6, 6],
			"rotation": {"angle": 22.5, "axis": "y", "origin": [8, 2.55, 9]},
			"faces": {
				"east": {"uv": [4.5, 8.5, 4, 11.5], "rotation": 270, "texture": "#1"},
				"west": {"uv": [4.5, 8.5, 4, 11.5], "rotation": 270, "texture": "#1"},
				"up": {"uv": [6, 8.5, 4, 11.5], "rotation": 180, "texture": "#1"},
				"down": {"uv": [6, 8.5, 4, 11.5], "texture": "#1"}
			}
		}
	],
	"display": {
		"thirdperson_righthand": {
			"rotation": [75, 45, 0],
			"translation": [0, 2.5, 0],
			"scale": [0.375, 0.375, 0.375]
		},
		"thirdperson_lefthand": {
			"rotation": [75, 45, 0],
			"translation": [0, 2.5, 0],
			"scale": [0.375, 0.375, 0.375]
		},
		"firstperson_righthand": {
			"rotation": [0, 45, 0],
			"scale": [0.4, 0.4, 0.4]
		},
		"firstperson_lefthand": {
			"rotation": [0, 225, 0],
			"scale": [0.4, 0.4, 0.4]
		},
		"ground": {
			"rotation": [0, -180, 0],
			"translation": [0, 7.4, -6]
		},
		"gui": {
			"rotation": [30, 225, 0],
			"scale": [0.625, 0.625, 0.625]
		},
		"head": {
			"rotation": [0, 180, 0],
			"translation": [0, -4, -0.5],
			"scale": [1.6, 1.6, 1.6]
		},
		"fixed": {
			"scale": [0.5, 0.5, 0.5]
		}
	}
}