{
	"credit": "Made with Blockbench",
	"parent": "block/block",
	"textures": {
		"1": "cul:block/pan_contents"
	},
	"elements": [
		{
			"name": "Oil",
			"from": [4, 0.1, 4],
			"to": [12, 0.1, 12],
			"rotation": {"angle": 0, "axis": "x", "origin": [7.5, 3.75, 6.5]},
			"faces": {
				"north": {"uv": [0, 0, 4, 4], "texture": "#1"},
				"east": {"uv": [0, 0, 4, 4], "texture": "#1"},
				"south": {"uv": [0, 0, 4, 4], "texture": "#1"},
				"west": {"uv": [0, 0, 4, 4], "texture": "#1"},
				"up": {"uv": [0, 0, 4, 4], "texture": "#1"},
				"down": {"uv": [0, 0, 4, 4], "texture": "#1"}
			}
		},
		{
			"name": "Egg",
			"from": [4.35, 0.15, 4.5],
			"to": [8.35, 0.15, 8.5],
			"rotation": {"angle": 0, "axis": "x", "origin": [7.5, 3.75, 6.5]},
			"faces": {
				"north": {"uv": [0, 9, 1.5, 11], "texture": "#1"},
				"east": {"uv": [0, 9, 1.5, 11], "texture": "#1"},
				"south": {"uv": [0, 9, 1.5, 11], "texture": "#1"},
				"west": {"uv": [0, 9, 1.5, 11], "texture": "#1"},
				"up": {"uv": [4, 9, 6, 11], "texture": "#1"},
				"down": {"uv": [4, 9, 6, 11], "texture": "#1"}
			}
		},
		{
			"name": "Yolk",
			"from": [5.35, 0.15, 5.5],
			"to": [7.35, 1.15, 7.5],
			"rotation": {"angle": 0, "axis": "x", "origin": [7.5, 3.75, 6.5]},
			"faces": {
				"north": {"uv": [7.5, 9, 6.5, 9.5], "texture": "#1"},
				"east": {"uv": [7.5, 9.5, 6.5, 10], "texture": "#1"},
				"south": {"uv": [6.5, 9.5, 7.5, 10], "texture": "#1"},
				"west": {"uv": [6.5, 9, 7.5, 9.5], "texture": "#1"},
				"up": {"uv": [6.5, 9, 7.5, 10], "texture": "#1"},
				"down": {"uv": [6.5, 9, 7.5, 10], "texture": "#1"}
			}
		},
		{
			"name": "Egg",
			"from": [7.6, 0.25, 5.75],
			"to": [11.6, 0.25, 9.75],
			"rotation": {"angle": 0, "axis": "x", "origin": [7.5, 3.75, 6.5]},
			"faces": {
				"north": {"uv": [0, 9, 1.5, 11], "texture": "#1"},
				"east": {"uv": [0, 9, 1.5, 11], "texture": "#1"},
				"south": {"uv": [0, 9, 1.5, 11], "texture": "#1"},
				"west": {"uv": [0, 9, 1.5, 11], "texture": "#1"},
				"up": {"uv": [4, 9, 6, 11], "texture": "#1"},
				"down": {"uv": [4, 9, 6, 11], "texture": "#1"}
			}
		},
		{
			"name": "Yolk",
			"from": [8.6, 0.25, 6.75],
			"to": [10.6, 1.25, 8.75],
			"rotation": {"angle": 0, "axis": "x", "origin": [7.5, 3.75, 6.5]},
			"faces": {
				"north": {"uv": [7.5, 9, 6.5, 9.5], "texture": "#1"},
				"east": {"uv": [7.5, 9.5, 6.5, 10], "texture": "#1"},
				"south": {"uv": [6.5, 9.5, 7.5, 10], "texture": "#1"},
				"west": {"uv": [6.5, 9, 7.5, 9.5], "texture": "#1"},
				"up": {"uv": [6.5, 9, 7.5, 10], "texture": "#1"},
				"down": {"uv": [6.5, 9, 7.5, 10], "texture": "#1"}
			}
		},
		{
			"name": "Egg",
			"from": [5.35, 0.2, 7.5],
			"to": [9.35, 0.2, 11.5],
			"rotation": {"angle": 0, "axis": "x", "origin": [7.5, 3.75, 6.5]},
			"faces": {
				"north": {"uv": [0, 9, 1.5, 11], "texture": "#1"},
				"east": {"uv": [0, 9, 1.5, 11], "texture": "#1"},
				"south": {"uv": [0, 9, 1.5, 11], "texture": "#1"},
				"west": {"uv": [0, 9, 1.5, 11], "texture": "#1"},
				"up": {"uv": [4, 9, 6, 11], "texture": "#1"},
				"down": {"uv": [4, 9, 6, 11], "texture": "#1"}
			}
		},
		{
			"name": "Yolk",
			"from": [6.35, 0.2, 8.5],
			"to": [8.35, 1.2, 10.5],
			"rotation": {"angle": 0, "axis": "x", "origin": [7.5, 3.75, 6.5]},
			"faces": {
				"north": {"uv": [7.5, 9, 6.5, 9.5], "texture": "#1"},
				"east": {"uv": [7.5, 9.5, 6.5, 10], "texture": "#1"},
				"south": {"uv": [6.5, 9.5, 7.5, 10], "texture": "#1"},
				"west": {"uv": [6.5, 9, 7.5, 9.5], "texture": "#1"},
				"up": {"uv": [6.5, 9, 7.5, 10], "texture": "#1"},
				"down": {"uv": [6.5, 9, 7.5, 10], "texture": "#1"}
			}
		}
	],
	"display": {
		"thirdperson_righthand": {
			"rotation": [75, 45, 0],
			"translation": [0, 2.5, 0],
			"scale": [0.375, 0.375, 0.375]
		},
		"thirdperson_lefthand": {
			"rotation": [75, 45, 0],
			"translation": [0, 2.5, 0],
			"scale": [0.375, 0.375, 0.375]
		},
		"firstperson_righthand": {
			"rotation": [0, 45, 0],
			"scale": [0.4, 0.4, 0.4]
		},
		"firstperson_lefthand": {
			"rotation": [0, 225, 0],
			"scale": [0.4, 0.4, 0.4]
		},
		"ground": {
			"translation": [0, 3, 0],
			"scale": [0.25, 0.25, 0.25]
		},
		"gui": {
			"rotation": [30, 225, 0],
			"scale": [0.625, 0.625, 0.625]
		},
		"head": {
			"rotation": [0, 180, 0],
			"translation": [0, -2.6, -0.75],
			"scale": [1.65, 1.65, 1.65]
		},
		"fixed": {
			"scale": [0.5, 0.5, 0.5]
		}
	}
}