{
	"credit": "Made with Blockbench",
	"parent": "block/block",
	"textures": {
		"1": "cul:block/pan_contents"
	},
	"elements": [
		{
			"name": "Oil",
			"from": [4, 0.1, 4],
			"to": [12, 0.1, 12],
			"rotation": {"angle": 0, "axis": "x", "origin": [7.5, 3.75, 6.5]},
			"faces": {
				"north": {"uv": [0, 0, 4, 4], "texture": "#1"},
				"east": {"uv": [0, 0, 4, 4], "texture": "#1"},
				"south": {"uv": [0, 0, 4, 4], "texture": "#1"},
				"west": {"uv": [0, 0, 4, 4], "texture": "#1"},
				"up": {"uv": [4.5, 0, 8.5, 4], "texture": "#1"},
				"down": {"uv": [0, 0, 4, 4], "texture": "#1"}
			}
		},
		{
			"name": "Potato",
			"from": [6, 0.15, 7.5],
			"to": [11, 4.15, 11.5],
			"rotation": {"angle": 0, "axis": "x", "origin": [7.5, 3.75, 6.5]},
			"faces": {
				"north": {"uv": [2.5, 11.5, 0, 13.5], "texture": "#1"},
				"east": {"uv": [2, 11.5, 0, 13.5], "texture": "#1"},
				"south": {"uv": [2.5, 11.5, 0, 13.5], "texture": "#1"},
				"west": {"uv": [2, 11.5, 0, 13.5], "texture": "#1"},
				"up": {"uv": [5.5, 11.5, 3, 13.5], "texture": "#1"},
				"down": {"uv": [5.5, 11.5, 3, 13.5], "texture": "#1"}
			}
		},
		{
			"name": "Potato",
			"from": [4.5, 0, 4.25],
			"to": [8.5, 5, 8.25],
			"rotation": {"angle": 0, "axis": "z", "origin": [6, 0, 9]},
			"faces": {
				"north": {"uv": [2.5, 11.5, 0, 13.5], "rotation": 90, "texture": "#1"},
				"east": {"uv": [5.5, 11.5, 3, 13.5], "rotation": 270, "texture": "#1"},
				"south": {"uv": [2.5, 11.5, 0, 13.5], "rotation": 270, "texture": "#1"},
				"west": {"uv": [5.5, 11.5, 3, 13.5], "rotation": 270, "texture": "#1"},
				"up": {"uv": [2, 11.5, 0, 13.5], "rotation": 270, "texture": "#1"},
				"down": {"uv": [2, 11.5, 0, 13.5], "rotation": 270, "texture": "#1"}
			}
		}
	],
	"display": {
		"thirdperson_righthand": {
			"rotation": [75, 45, 0],
			"translation": [0, 2.5, 0],
			"scale": [0.375, 0.375, 0.375]
		},
		"thirdperson_lefthand": {
			"rotation": [75, 45, 0],
			"translation": [0, 2.5, 0],
			"scale": [0.375, 0.375, 0.375]
		},
		"firstperson_righthand": {
			"rotation": [0, 45, 0],
			"scale": [0.4, 0.4, 0.4]
		},
		"firstperson_lefthand": {
			"rotation": [0, 225, 0],
			"scale": [0.4, 0.4, 0.4]
		},
		"ground": {
			"translation": [0, 3, 0],
			"scale": [0.25, 0.25, 0.25]
		},
		"gui": {
			"rotation": [30, 225, 0],
			"scale": [0.625, 0.625, 0.625]
		},
		"head": {
			"rotation": [0, 180, 0],
			"translation": [0, -2.6, -0.75],
			"scale": [1.65, 1.65, 1.65]
		},
		"fixed": {
			"scale": [0.5, 0.5, 0.5]
		}
	}
}