{
  "type": "minecraft:generic",
  "pools": [
    {
      "rolls": 1,
      "entries": [
        {
          "type": "minecraft:item",
          "name": "minecraft:smoker",
          "functions": [
            {
              "function": "minecraft:set_count",
              "count": 1
            },
            {
              "function": "minecraft:set_nbt",
              "tag": "{cul:{id:\"cracked_terracotta_pot\"},BlockEntityTag:{Items:[{id:\"minecraft:stone\",Count:1b,Slot:0b,tag:{smithed:{block:{id:\"cul:cracked_terracotta_pot\"}}}}]},CustomModelData:8520011}"
            },
            {
              "function": "minecraft:set_name",
              "name": [
                {
                  "translate": "cul.item.cracked_terracotta_pot",
                  "color": "white",
                  "italic": "false"
                }
              ]
            },
            {
              "function": "minecraft:set_lore",
              "lore": [
                {
                  "translate": "cul.pack",
                  "color": "gold",
                  "italic": "false"
                }
              ]
            }
          ]
        }
      ]
    }
  ]
}