{
  "type": "minecraft:generic",
  "pools": [
    {
      "rolls": 1,
      "entries": [
        {
          "type": "minecraft:item",
          "name": "minecraft:bread",
          "functions": [
            {
              "function": "minecraft:set_count",
              "count": 1
            },
            {
              "function": "minecraft:set_nbt",
              "tag": "{cul:{id:\"cod_platter\",returnBowl:1,extraSaturation:6,satisfaction:250},CustomModelData:8520010}"
            },
            {
              "function": "minecraft:set_name",
              "name": [
                {
                  "translate": "cul.item.cod_platter",
                  "color": "white",
                  "italic": "false"
                }
              ]
            },
            {
              "function": "minecraft:set_lore",
              "lore": [
                {
                  "translate": "cul.pack",
                  "color": "gold",
                  "italic": "false"
                }
              ]
            }
          ]
        }
      ]
    }
  ]
}