{
	"credit": "Made with Blockbench",
	"parent": "block/block",
	"textures": {
		"0": "cul:block/pot",
		"particle": "block/chain",
		"all": "block/chain"
	},
	"elements": [
		{
			"name": "Pot",
			"from": [2, 0, 2],
			"to": [14, 8, 14],
			"faces": {
				"north": {"uv": [0, 0, 6, 4], "texture": "#0"},
				"east": {"uv": [0, 0, 6, 4], "texture": "#0"},
				"south": {"uv": [0, 0, 6, 4], "texture": "#0"},
				"west": {"uv": [0, 0, 6, 4], "texture": "#0"},
				"up": {"uv": [0, 4, 6, 10], "texture": "#0"},
				"down": {"uv": [6, 4, 12, 10], "texture": "#0"}
			}
		},
		{
			"name": "Pot Inner",
			"from": [12, 8, 12],
			"to": [4, 2, 4],
			"faces": {
				"north": {"uv": [0, 10, 4, 13], "rotation": 180, "texture": "#0"},
				"east": {"uv": [0, 10, 4, 13], "rotation": 180, "texture": "#0"},
				"south": {"uv": [0, 10, 4, 13], "rotation": 180, "texture": "#0"},
				"west": {"uv": [0, 10, 4, 13], "rotation": 180, "texture": "#0"},
				"up": {"uv": [0, 10, 4, 14], "texture": "#0"},
				"down": {"uv": [0, 10, 0, 10], "texture": "#0"}
			}
		},
		{
			"from": [6.5, 1, 8],
			"to": [9.5, 17, 8],
			"shade": false,
			"rotation": {"angle": 45, "axis": "y", "origin": [8, 8, 8]},
			"faces": {
				"north": {"uv": [3, 0, 0, 16], "texture": "#all"},
				"south": {"uv": [0, 0, 3, 16], "texture": "#all"}
			}
		},
		{
			"from": [8, 1, 6.5],
			"to": [8, 17, 9.5],
			"shade": false,
			"rotation": {"angle": 45, "axis": "y", "origin": [8, 8, 8]},
			"faces": {
				"east": {"uv": [3, 0, 6, 16], "texture": "#all"},
				"west": {"uv": [6, 0, 3, 16], "texture": "#all"}
			}
		}
	],
	"display": {
		"thirdperson_righthand": {
			"rotation": [75, 45, 0],
			"translation": [0, 2.5, 0],
			"scale": [0.375, 0.375, 0.375]
		},
		"thirdperson_lefthand": {
			"rotation": [75, 45, 0],
			"translation": [0, 2.5, 0],
			"scale": [0.375, 0.375, 0.375]
		},
		"firstperson_righthand": {
			"rotation": [0, 45, 0],
			"scale": [0.4, 0.4, 0.4]
		},
		"firstperson_lefthand": {
			"rotation": [0, 225, 0],
			"scale": [0.4, 0.4, 0.4]
		},
		"ground": {
			"rotation": [0, -180, 0],
			"translation": [0, 7.4, -6]
		},
		"gui": {
			"rotation": [30, 225, 0],
			"scale": [0.625, 0.625, 0.625]
		},
		"head": {
			"rotation": [-3.94, -0.32, -169.01],
			"scale": [1.6, 1.6, 1.6]
		}
	},
	"groups": [
		0,
		1,
		{
			"name": "chain",
			"origin": [8, 8, 8],
			"color": 0,
			"children": [2, 3]
		}
	]
}