{
	"credit": "Made with Blockbench",
	"parent": "block/block",
	"textures": {
		"1": "cul:block/pot_contents"
	},
	"elements": [
		{
			"name": "Cheese",
			"from": [4, 5.5, 5],
			"to": [9, 9.5, 10],
			"rotation": {"angle": 22.5, "axis": "z", "origin": [7.5, 7.5, 7.5]},
			"faces": {
				"north": {"uv": [4.5, 12, 7, 14], "texture": "#1"},
				"east": {"uv": [4.5, 12, 7, 14], "texture": "#1"},
				"south": {"uv": [4.5, 12, 7, 14], "texture": "#1"},
				"west": {"uv": [4.5, 12, 7, 14], "texture": "#1"},
				"up": {"uv": [4.5, 12, 7, 14.5], "texture": "#1"},
				"down": {"uv": [4.5, 12, 7, 14.5], "texture": "#1"}
			}
		},
		{
			"name": "Potato",
			"from": [7, 1.5, 5],
			"to": [11, 5.5, 10],
			"rotation": {"angle": 0, "axis": "x", "origin": [5.5, 3.75, 5]},
			"faces": {
				"north": {"uv": [0, 4.5, 2, 6.5], "texture": "#1"},
				"east": {"uv": [0, 4.5, 2.5, 6.5], "texture": "#1"},
				"south": {"uv": [0, 4.5, 2, 6.5], "texture": "#1"},
				"west": {"uv": [0, 4.5, 2.5, 6.5], "texture": "#1"},
				"up": {"uv": [0, 4.5, 2.5, 6.5], "rotation": 90, "texture": "#1"},
				"down": {"uv": [0, 4.5, 2.5, 6.5], "rotation": 90, "texture": "#1"}
			}
		}
	],
	"display": {
		"thirdperson_righthand": {
			"rotation": [75, 45, 0],
			"translation": [0, 2.5, 0],
			"scale": [0.375, 0.375, 0.375]
		},
		"thirdperson_lefthand": {
			"rotation": [75, 45, 0],
			"translation": [0, 2.5, 0],
			"scale": [0.375, 0.375, 0.375]
		},
		"firstperson_righthand": {
			"rotation": [0, 45, 0],
			"scale": [0.4, 0.4, 0.4]
		},
		"firstperson_lefthand": {
			"rotation": [0, 225, 0],
			"scale": [0.4, 0.4, 0.4]
		},
		"ground": {
			"translation": [0, 3, 0],
			"scale": [0.25, 0.25, 0.25]
		},
		"gui": {
			"rotation": [30, 225, 0],
			"scale": [0.625, 0.625, 0.625]
		},
		"head": {
			"rotation": [0, 180, 0],
			"translation": [0, -4, -0.5],
			"scale": [1.6, 1.6, 1.6]
		},
		"fixed": {
			"scale": [0.5, 0.5, 0.5]
		}
	}
}