{
	"credit": "Made with Blockbench",
	"parent": "block/block",
	"textures": {
		"1": "cul:block/pot_contents"
	},
	"elements": [
		{
			"name": "Kelp",
			"from": [6, 1.5, 4.5],
			"to": [10, 2.5, 10.5],
			"rotation": {"angle": 45, "axis": "y", "origin": [8, 2.55, 7.5]},
			"faces": {
				"east": {"uv": [4, 8.5, 4.5, 11.5], "rotation": 90, "texture": "#1"},
				"west": {"uv": [4, 8.5, 4.5, 11.5], "rotation": 270, "texture": "#1"},
				"up": {"uv": [4, 8.5, 6, 11.5], "texture": "#1"},
				"down": {"uv": [4, 8.5, 6, 11.5], "rotation": 180, "texture": "#1"}
			}
		},
		{
			"name": "Kelp inverted",
			"from": [10, 2.5, 10.5],
			"to": [6, 1.5, 4.5],
			"rotation": {"angle": 45, "axis": "y", "origin": [8, 2.55, 7.5]},
			"faces": {
				"east": {"uv": [4.5, 8.5, 4, 11.5], "rotation": 270, "texture": "#1"},
				"west": {"uv": [4.5, 8.5, 4, 11.5], "rotation": 270, "texture": "#1"},
				"up": {"uv": [6, 8.5, 4, 11.5], "rotation": 180, "texture": "#1"},
				"down": {"uv": [6, 8.5, 4, 11.5], "texture": "#1"}
			}
		},
		{
			"name": "Kelp",
			"from": [6, 2.6, 4.5],
			"to": [10, 3.6, 10.5],
			"rotation": {"angle": 22.5, "axis": "y", "origin": [8, 2.55, 7.5]},
			"faces": {
				"east": {"uv": [4, 8.5, 4.5, 11.5], "rotation": 90, "texture": "#1"},
				"west": {"uv": [4, 8.5, 4.5, 11.5], "rotation": 270, "texture": "#1"},
				"up": {"uv": [4, 8.5, 6, 11.5], "texture": "#1"},
				"down": {"uv": [4, 8.5, 6, 11.5], "rotation": 180, "texture": "#1"}
			}
		},
		{
			"name": "Kelp inverted",
			"from": [10, 3.6, 10.5],
			"to": [6, 2.6, 4.5],
			"rotation": {"angle": 22.5, "axis": "y", "origin": [8, 2.55, 7.5]},
			"faces": {
				"east": {"uv": [4.5, 8.5, 4, 11.5], "rotation": 270, "texture": "#1"},
				"west": {"uv": [4.5, 8.5, 4, 11.5], "rotation": 270, "texture": "#1"},
				"up": {"uv": [6, 8.5, 4, 11.5], "rotation": 180, "texture": "#1"},
				"down": {"uv": [6, 8.5, 4, 11.5], "texture": "#1"}
			}
		}
	],
	"display": {
		"thirdperson_righthand": {
			"rotation": [75, 45, 0],
			"translation": [0, 2.5, 0],
			"scale": [0.375, 0.375, 0.375]
		},
		"thirdperson_lefthand": {
			"rotation": [75, 45, 0],
			"translation": [0, 2.5, 0],
			"scale": [0.375, 0.375, 0.375]
		},
		"firstperson_righthand": {
			"rotation": [0, 45, 0],
			"scale": [0.4, 0.4, 0.4]
		},
		"firstperson_lefthand": {
			"rotation": [0, 225, 0],
			"scale": [0.4, 0.4, 0.4]
		},
		"ground": {
			"translation": [0, 3, 0],
			"scale": [0.25, 0.25, 0.25]
		},
		"gui": {
			"rotation": [30, 225, 0],
			"scale": [0.625, 0.625, 0.625]
		},
		"head": {
			"rotation": [0, 180, 0],
			"translation": [0, -4, -0.5],
			"scale": [1.6, 1.6, 1.6]
		},
		"fixed": {
			"scale": [0.5, 0.5, 0.5]
		}
	}
}