{
	"credit": "Made with Blockbench",
	"parent": "block/block",
	"textures": {
		"1": "cul:block/pot_contents"
	},
	"elements": [
		{
			"name": "Carrot",
			"from": [5, 1.5, 5.5],
			"to": [8, 9.5, 8.5],
			"rotation": {"angle": -22.5, "axis": "x", "origin": [7.5, 3.75, 6.5]},
			"faces": {
				"north": {"uv": [0, 0, 1.5, 4], "texture": "#1"},
				"east": {"uv": [0, 0, 1.5, 4], "texture": "#1"},
				"south": {"uv": [0, 0, 1.5, 4], "texture": "#1"},
				"west": {"uv": [0, 0, 1.5, 4], "texture": "#1"},
				"up": {"uv": [0, 0, 1.5, 1.5], "texture": "#1"},
				"down": {"uv": [0, 0, 1.5, 1.5], "texture": "#1"}
			}
		},
		{
			"name": "Carrot Stem",
			"from": [6.5, 9.5, 5.5],
			"to": [6.5, 12.5, 8.5],
			"rotation": {"angle": -22.5, "axis": "x", "origin": [7.5, 3.75, 6.5]},
			"faces": {
				"north": {"uv": [0, 0, 0, 0], "texture": "#1"},
				"east": {"uv": [2, 0, 3.5, 1.5], "texture": "#1"},
				"south": {"uv": [0, 0, 0, 0], "texture": "#1"},
				"west": {"uv": [2, 0, 3.5, 1.5], "texture": "#1"},
				"up": {"uv": [0, 0, 0, 0], "rotation": 270, "texture": "#1"},
				"down": {"uv": [0, 0, 0, 0], "rotation": 90, "texture": "#1"}
			}
		},
		{
			"name": "Carrot Stem",
			"from": [5, 9.5, 7],
			"to": [8, 12.5, 7],
			"rotation": {"angle": -22.5, "axis": "x", "origin": [7.5, 3.75, 6.5]},
			"faces": {
				"north": {"uv": [2, 0, 3.5, 1.5], "texture": "#1"},
				"east": {"uv": [0, 0, 0, 0], "texture": "#1"},
				"south": {"uv": [2, 0, 3.5, 1.5], "texture": "#1"},
				"west": {"uv": [0, 0, 0, 0], "texture": "#1"},
				"up": {"uv": [0, 0, 0, 0], "texture": "#1"},
				"down": {"uv": [0, 0, 0, 0], "texture": "#1"}
			}
		},
		{
			"name": "Rabbit Body",
			"from": [5, 1.5, 7.5],
			"to": [13, 6.5, 11.5],
			"rotation": {"angle": 22.5, "axis": "y", "origin": [8.84776, 4.98463, 9.5]},
			"faces": {
				"north": {"uv": [9, 7.5, 13, 10], "texture": "#1"},
				"east": {"uv": [9, 10.5, 11, 12.5], "rotation": 270, "texture": "#1"},
				"south": {"uv": [9, 7.5, 13, 10], "texture": "#1"},
				"west": {"uv": [9, 10.5, 11, 12.5], "rotation": 180, "texture": "#1"},
				"up": {"uv": [9, 10.5, 13, 12.5], "texture": "#1"},
				"down": {"uv": [9, 10.5, 13, 12.5], "texture": "#1"}
			}
		},
		{
			"name": "Rabbit Leg",
			"from": [9.25418, 4.21874, 11.5],
			"to": [11.25418, 8.21874, 12.5],
			"rotation": {"angle": 22.5, "axis": "y", "origin": [8.84776, 4.98463, 9.5]},
			"faces": {
				"north": {"uv": [16, 7.5, 14, 8.5], "rotation": 90, "texture": "#1"},
				"east": {"uv": [13.5, 8, 15.5, 8.5], "rotation": 270, "texture": "#1"},
				"south": {"uv": [14, 7.5, 16, 8.5], "rotation": 270, "texture": "#1"},
				"west": {"uv": [14, 7.5, 16, 8], "texture": "#1"},
				"up": {"uv": [14, 7.5, 14.5, 8.5], "rotation": 270, "texture": "#1"},
				"down": {"uv": [13.5, 7.5, 14, 8.5], "rotation": 270, "texture": "#1"}
			}
		},
		{
			"name": "Rabbit Leg",
			"from": [9.25418, 4.21874, 6.5],
			"to": [11.25418, 8.21874, 7.5],
			"rotation": {"angle": 22.5, "axis": "y", "origin": [8.84776, 4.98463, 9.5]},
			"faces": {
				"north": {"uv": [16, 7.5, 14, 8.5], "rotation": 90, "texture": "#1"},
				"east": {"uv": [13.5, 8, 15.5, 8.5], "rotation": 270, "texture": "#1"},
				"south": {"uv": [14, 7.5, 16, 8.5], "rotation": 270, "texture": "#1"},
				"west": {"uv": [14, 7.5, 16, 8], "texture": "#1"},
				"up": {"uv": [14, 7.5, 14.5, 8.5], "rotation": 270, "texture": "#1"},
				"down": {"uv": [13.5, 7.5, 14, 8.5], "rotation": 270, "texture": "#1"}
			}
		}
	],
	"display": {
		"thirdperson_righthand": {
			"rotation": [75, 45, 0],
			"translation": [0, 2.5, 0],
			"scale": [0.375, 0.375, 0.375]
		},
		"thirdperson_lefthand": {
			"rotation": [75, 45, 0],
			"translation": [0, 2.5, 0],
			"scale": [0.375, 0.375, 0.375]
		},
		"firstperson_righthand": {
			"rotation": [0, 45, 0],
			"scale": [0.4, 0.4, 0.4]
		},
		"firstperson_lefthand": {
			"rotation": [0, 225, 0],
			"scale": [0.4, 0.4, 0.4]
		},
		"ground": {
			"translation": [0, 3, 0],
			"scale": [0.25, 0.25, 0.25]
		},
		"gui": {
			"rotation": [30, 225, 0],
			"scale": [0.625, 0.625, 0.625]
		},
		"head": {
			"rotation": [0, 180, 0],
			"translation": [0, -4, -0.5],
			"scale": [1.6, 1.6, 1.6]
		},
		"fixed": {
			"scale": [0.5, 0.5, 0.5]
		}
	}
}