{
  "pools": [
    {
      "rolls": 1,
      "entries": [
        {
          "type": "minecraft:item",
          "name": "minecraft:stone",
          "functions": [
            {
              "function": "minecraft:set_nbt",
              "tag": "{cul:{event:{type:\"natural_gen\",id:\"clam\"}}}"
            }
          ],
          "conditions": [
            {
              "condition": "minecraft:reference",
              "name": "cul:world/biome/beach"
            }
          ]
        },
        {
          "type": "minecraft:item",
          "name": "minecraft:stone",
          "functions": [
            {
              "function": "minecraft:set_nbt",
              "tag": "{cul:{event:{type:\"natural_gen\",id:\"deer\"}}}"
            }
          ],
          "conditions": [
            {
              "condition": "minecraft:reference",
              "name": "cul:world/biome/forest"
            }
          ]
        }
      ]
    }
  ]
}
