{
	"credit": "Made with Blockbench",
	"texture_size": [48, 48],
	"textures": {
		"0": "cul:block/salt_pillar",
		"particle": "cul:block/salt_pillar"
	},
	"elements": [
		{
			"from": [5.5, 0, 5],
			"to": [10.5, 7, 10],
			"rotation": {"angle": 45, "axis": "y", "origin": [8, 3.5, 7.5]},
			"faces": {
				"north": {"uv": [0.33333, 4, 2, 6.33333], "texture": "#0"},
				"east": {"uv": [0.33333, 4, 2, 6.33333], "texture": "#0"},
				"south": {"uv": [0.33333, 4, 2, 6.33333], "texture": "#0"},
				"west": {"uv": [0.33333, 4, 2, 6.33333], "texture": "#0"},
				"up": {"uv": [0.33333, 4, 2, 5.66667], "texture": "#0"},
				"down": {"uv": [0.33333, 4, 2, 5.66667], "texture": "#0"}
			}
		},
		{
			"from": [7, 7, 6.5],
			"to": [9, 9, 8.5],
			"faces": {
				"north": {"uv": [2.33333, 7.66667, 3, 8.33333], "texture": "#0"},
				"east": {"uv": [2.33333, 7.66667, 3, 8.33333], "texture": "#0"},
				"south": {"uv": [2.33333, 7.66667, 3, 8.33333], "texture": "#0"},
				"west": {"uv": [2.33333, 7.66667, 3, 8.33333], "texture": "#0"},
				"up": {"uv": [2.33333, 7.66667, 3, 8.33333], "texture": "#0"},
				"down": {"uv": [2.33333, 7.66667, 3, 8.33333], "texture": "#0"}
			}
		},
		{
			"from": [4.5, 9, 4],
			"to": [11.5, 14, 11],
			"faces": {
				"north": {"uv": [2, 1.66667, 4.33333, 3.33333], "texture": "#0"},
				"east": {"uv": [2, 1.66667, 4.33333, 3.33333], "texture": "#0"},
				"south": {"uv": [2, 1.66667, 4.33333, 3.33333], "texture": "#0"},
				"west": {"uv": [2, 1.66667, 4.33333, 3.33333], "texture": "#0"},
				"up": {"uv": [2.66667, 8.66667, 5, 11], "texture": "#0"},
				"down": {"uv": [2.66667, 8.66667, 5, 11], "texture": "#0"}
			}
		}
	],
	"display": {
		"thirdperson_righthand": {
			"rotation": [75, 45, 0],
			"translation": [0, 2.5, 0],
			"scale": [0.375, 0.375, 0.375]
		},
		"thirdperson_lefthand": {
			"rotation": [75, 45, 0],
			"translation": [0, 2.5, 0],
			"scale": [0.375, 0.375, 0.375]
		},
		"firstperson_righthand": {
			"rotation": [0, 45, 0],
			"scale": [0.4, 0.4, 0.4]
		},
		"firstperson_lefthand": {
			"rotation": [0, 225, 0],
			"scale": [0.4, 0.4, 0.4]
		},
		"ground": {
			"rotation": [0, -180, 0],
			"translation": [0, 7.4, -6]
		},
		"gui": {
			"rotation": [30, 225, 0],
			"scale": [0.625, 0.625, 0.625]
		},
		"fixed": {
			"scale": [0.5, 0.5, 0.5]
		}
	}
}