[
  {
    "condition": "minecraft:alternative",
    "terms": [
      {
        "condition": "minecraft:location_check",
        "predicate": {
          "block": {
            "nbt": "{Items:[{Slot:23b,tag:{cul:{id:\"fungal_compost\"}}}]}"
          }
        }
      },
      {
        "condition": "minecraft:inverted",
        "term": {
          "condition": "minecraft:location_check",
          "predicate": {
            "block": {
              "nbt": "{Items:[{Slot:23b}]}"
            }
          }
        }
      }
    ]
  },
  {
    "condition": "minecraft:inverted",
    "term": {
      "condition": "minecraft:location_check",
      "predicate": {
        "block": {
          "nbt": "{Items:[{Slot:23b,Count:64b}]}"
        }
      }
    }
  }
]
